地名,地理位置,经度,纬度,相关人物
秦淮,秦淮河,118.7668,32.0296,方山、太平、蒋山、朱元璋、吴敬梓、侯方域、冒襄、谢安、李白、余怀、陈沂、杜牧、马湘兰、杨溥、曾极、孔尚任、李渔、吴梅、张孝祥
钟山,紫金山,118.8513,32.0714,蒋山、太平、朱元璋、王安石、方山、葛亮、刘基、姚鼐、沈约、阮孝绪、陆游、钱大昕、周颙
长江,依据《1930年代南京市实测新图》定位,118.7449,32.1177,太平、朱元璋、方山、江总、李白
中山,溧水区独山,118.8858,31.6516,太平、胡汉民、谭延闿、杨廷宝、朱元璋、于右任、洪秀全、江总、王安石、吴稚晖
青溪,青溪,118.795,32.04,太平、江总、蒋山、方山、王徽、马光祖、卞壸、王广、史正志、王安石
台城,玄武湖南,118.7903,32.0438,太平、韦庄、蒋山、朱偰、萧衍
石头城,清凉山石头城遗址公园,118.7571,32.0519,太平、陈霸先、方山、蒋山、袁粲、朱元璋、刘禹锡、葛亮
淮水,秦淮河,118.7437,32.0549,方山、蒋山、吴敬梓
三山,江苏南京市西南，长江东岸板桥浦西,118.6015,31.9224,太平、李白、方山、谢朓、朱元璋、王浚
大江,长江,118.7272,32.1047,方山
新亭,雨花台区软件大道一带,118.7335,31.9774,萧道成、桓玄、柳元景、谢安
凤凰台,长干里西北侧,118.767,32.0198,李白
乌衣巷,夫子庙秦淮风光带,118.7856,32.0195,刘禹锡、谢安
白鹭洲,水西门外江东门一侧,118.7119,32.036,李白
玄武湖,玄武湖,118.7928,32.0745,太平、蒋山、朱元璋、王安石、张永、萧统
秣陵,江宁区秣陵街道,118.8334,31.8364,方山、杨郡、陈文述、蒋山、太平、葛亮、张纮
秦淮水,秦淮河,118.7668,32.0296,吴敬梓
蒋山,钟山,118.8513,32.0714,太平、朱元璋、方山
冶城,秦淮区朝天宫一带,118.7698,32.036,谢安、王羲之、方山、卞壸、卢前、桓玄、李白
雨花台,雨花台风景名胜区,118.776,32.0042,太平、方山、蒋山
方山,方山,118.8703,31.8973,太平、谢灵运、徐孝嗣、蒋山、盛时泰
幕府山,南京市鼓楼区长江南岸,118.7774,32.1217,温峤、太平
孝陵,明孝陵,118.8305,32.0512,朱元璋、太平、蒋山、曹寅、屈大均、王焕镳
朱雀桥,秦淮区中华门城内,118.779,32.0162,刘禹锡
秦淮河,秦淮河,118.7668,32.0296,方山、朱元璋、太平、谢安
板桥,板桥街道,118.6665,31.9374,余怀、太平、方山、珠泉居士、李白
东山,东山镇,118.8234,31.8598,谢安、方山
胭脂井,玄武湖南侧鸡鸣寺内,118.7906,32.0639,
溧水,溧阳西北,118.8959,31.7421,方山、太平、袁枚
御沟,长江路附近,118.786,32.0457,
夫子庙,依据《陆师学堂新测金陵省全图》，补充1874年《上江两县志》、1908年《金陵杂志》定位,118.7833,32.0228,太平
摄山,栖霞山,118.9636,32.1595,江总、蒋山、张怡
牛首山,牛首山,118.7373,31.9144,方山
清凉山,依据《陆师学堂新测金陵省全图》，补充1874年《上江两县志》、1908年《金陵杂志》定位,118.7551,32.0523,太平、龚贤、刘智、葛亮
五城,清凉寺东,118.7618,32.0524,
中华门,依据《1930年代南京市实测新图》定位,118.7764,32.014,太平、方山、朱偰
鸡鸣寺,玄武区鸡笼山上,118.7896,32.0629,太平、张之洞、朱元璋
端门,依据《明代南京皇城宫城复原图》定位,118.8117,32.0359,朱元璋
鼓楼,鼓楼岗上,118.7765,32.0602,太平、陈鹤、陈鹤琴、江总
上林苑,玄武湖附近,118.7978,32.0907,方山
风亭,折柳亭东,118.7575,32.034,
太平门,依据《陆师学堂新测金陵省全图》，补充1874年《上江两县志》、1908年《金陵杂志》定位,118.8081,32.0603,
桃叶渡,秦淮区,118.7887,32.0246,王献之
土山,江宁区土山,118.8342,31.9555,谢安、方山、郑成功
玄武门,依据《陆师学堂新测金陵省全图》，补充1874年《上江两县志》、1908年《金陵杂志》定位,118.7818,32.0739,太平
岩山,,118.8012,32.1389,
运渎,南京市西南,118.7846,32.0536,陈作霖、太平
江宁县,南京市江宁区,118.8342,31.9555,方山、太平
西苑,南京大学南园一带,118.7754,32.055,
新桥,集庆路东段，内秦淮河上,118.7733,32.0207,
南宫,依据《陆师学堂新测金陵省全图》，补充1874年《上江两县志》、1908年《金陵杂志》定位,118.7857,32.039,
燕雀湖,南京市玄武区中山门外北侧,118.8238,32.0529,朱元璋
报恩寺,秦淮区中华门外,118.7658,32.0032,
潮沟,据《六朝建康历史复原图》,118.7876,32.0507,太平
东华门,依据《明代南京皇城宫城复原图》定位,118.8166,32.0416,
皇城,明故宫,118.8044,32.0452,太平、朱元璋
鸡笼山,玄武区鸡笼山,118.787,32.0616,太平、蒋山、江总、朱元璋
鸡鸣桥,新安寺南,118.8015,32.0512,
冶亭,秦淮区朝天宫一带,118.7691,32.0356,郭璞
长干里,秦淮河以南至雨花台以北,118.7749,32.0117,
栖霞寺,栖霞山中峰西麓,118.9535,32.1546,江总、太平
覆舟山,九华山,118.8025,32.0621,太平、桓玄、陈霸先
上元县,秦淮河北,118.7697,32.1137,太平、方山、蒋山
莫愁湖,依据《陆师学堂新测金陵省全图》，补充1874年《上江两县志》、1908年《金陵杂志》定位,118.7567,32.0368,朱元璋、太平
青龙山,江宁区东北,118.9603,31.9397,方山、蒋山
横江馆,水西门附近,118.7647,32.031,
朱雀航,正对朱雀门,118.7765,32.0153,
长洲,依据《陆师学堂新测金陵省全图》，补充1874年《上江两县志》、1908年《金陵杂志》定位,118.7887,32.0751,吴梅
归善寺,北极阁东南麓,118.7897,32.0613,
募士桥,次南有募士桥。其桥西南角过沟有埭，名鸡鸣埭,118.7999,32.0469,
灵谷寺,紫金山东南坡下,118.8625,32.0573,蒋山、太平、朱元璋、甘熙、玄奘
景阳楼,鸡笼山上,118.7884,32.0625,李璟
新洲,依据《陆师学堂新测金陵省全图》，补充1874年《上江两县志》、1908年《金陵杂志》定位,118.7904,32.0738,
鸡鸣埭,玄武湖畔,118.7897,32.0611,
晋建康宫,鸡鸣寺南，成贤街旧牌楼一带,118.7902,32.0547,
瓦官寺,秦淮区集庆路南侧,118.7674,32.0195,顾恺之、戴逵
华林园,鸡笼山南,118.7926,32.0596,
横山,安徽省马鞍山市博望区和南京市江宁区交界,118.7962,31.6485,
乐游苑,九华山南,118.8014,32.0623,
富贵山,依据《陆师学堂新测金陵省全图》，补充1874年《上江两县志》、1908年《金陵杂志》定位,118.8126,32.0575,太平
光宅寺,秦淮区老虎头,118.7871,32.0119,
马鞍山,绣球公园对面城墙内,118.7549,32.0687,
东门桥,龙蟠中路附近,118.8031,32.0573,
水西门,依据《1930年代南京市实测新图》定位,118.7644,32.0323,太平、方山
独山,溧水区独山,118.8858,31.6516,
左掖门,南京宫城午门左,118.812,32.0412,
东渠,古青溪,118.7753,32.016,
汤山,汤山,119.0267,32.0478,方山、太平
朝天宫,秦淮区水西门内,118.7697,32.0347,太平、卞壸、朱元璋
越城,秦淮区中华门外西街地区,118.7727,32.013,陆机、王茂、周元
西华门,依据《明代南京皇城宫城复原图》定位,118.8081,32.0422,太平
国子监,鸡笼山下,118.7913,32.062,
倪塘,人物姓氏,118.869,31.9623,方山、蒋山
定林寺,江宁区方山,118.8659,31.9042,方山、蒋山、刘勰、王安石
荆山,溧水县西南,119.1652,31.6886,
塔寺,运渎东岸，南直竹格渡,118.7758,32.0313,
通济门,依据《陆师学堂新测金陵省全图》，补充1874年《上江两县志》、1908年《金陵杂志》定位,118.7955,32.0264,太平、方山、江总
高桥,高桥门外,118.8478,31.997,
周处台,周处读书台位于南京市秦淮区江宁路西侧，俗称周处台。,118.7865,32.013,
竹园寺,竹园寺,118.8612,32.0557,
新街口,依据《陆师学堂新测金陵省全图》，补充1874年《上江两县志》、1908年《金陵杂志》定位,118.7787,32.0439,
聚宝门,中华门,118.7767,32.014,太平
钟楼,南京城中，鼓楼西侧,118.773,32.0607,
新林浦,南京市西南,118.7215,31.9498,
清凉寺,清凉山公园内,118.7551,32.0507,
白下亭,幕府山南麓,118.7774,32.1166,李白
将军庙,依据《陆师学堂新测金陵省全图》，补充1874年《上江两县志》、1908年《金陵杂志》定位,118.7659,32.0759,
大报恩寺,秦淮区中华门外,118.7775,32.011,玄奘
方山埭,方山西南侧,118.8722,31.8427,
佛窟寺,祖堂山,118.7411,31.8915,
牛头山,牛首山,118.7373,31.9144,
雁门山,雁门山,118.9985,32.0651,
庄严寺,南京市西南,118.7756,32.0314,谢尚
长干桥,秦淮区中华门外,118.7759,32.0129,
建初寺,秦淮区大报恩寺,118.7767,32.0086,康僧会
祠堂,依据《陆师学堂新测金陵省全图》，补充1874年《上江两县志》、1908年《金陵杂志》定位,118.7678,32.0331,太平、孙星衍
青溪中桥,太平南路南,118.7847,32.0286,
古御街,中华路中北段、洪武路南段,118.7801,32.028,
燕子矶,燕子矶,118.8119,32.1484,史可法、太平、陶行知
虎跑泉,牛首山附近,118.7366,31.9108,
淳化镇,淳化街道,118.929,31.9349,方山
东府城,通济门附近,118.7961,32.0253,
劳劳亭,"南京市西南,古新亭南",118.7758,31.9774,
横塘,南京市西南,118.7566,32.0375,
扬子江,依据《陆师学堂新测金陵省全图》，补充1874年《上江两县志》、1908年《金陵杂志》定位,118.7312,32.102,
石城山,清凉山,118.75,32.0516,
明故宫,依据《陆师学堂新测金陵省全图》，补充1874年《上江两县志》、1908年《金陵杂志》定位,118.8127,32.044,太平、朱元璋、方孝孺
应天府,南京市,118.7662,32.0124,朱元璋、太平
景阳井,鸡鸣寺内,118.7906,32.0632,
镇淮桥,中华门北,118.7768,32.0154,
御道,午朝门向南延伸至光华门,118.7826,32.032,朱元璋
石头山,清凉山,118.7557,32.0513,葛亮
贡院,依据《陆师学堂新测金陵省全图》，补充1874年《上江两县志》、1908年《金陵杂志》定位,118.7857,32.0245,太平
象山,依据《陆师学堂新测金陵省全图》，补充1874年《上江两县志》、1908年《金陵杂志》定位,118.7589,32.1032,
四望山,八字山,118.7426,32.0858,
安乐寺,临秦寺旁,118.7864,32.0226,张僧繇
昆明池,依据《陆师学堂新测金陵省全图》，补充1874年《上江两县志》、1908年《金陵杂志》定位,118.7912,32.0694,
宝林寺,依据《1930年代南京市实测新图》定位,118.7497,32.0672,
随园,依据《陆师学堂新测金陵省全图》，补充1874年《上江两县志》、1908年《金陵杂志》定位,118.7713,32.0537,袁枚、曹雪芹
长干寺,秦淮河南岸,118.7767,32.0122,
狮子山,狮子山,118.7421,32.0965,朱元璋、太平
天宝寺,潮沟前,118.7929,32.0511,
板桥浦,板桥镇附近,118.6467,31.948,
景阳台,鸡笼山上,118.7859,32.0616,
娄湖,秦淮区老虎头,118.7854,32.0117,方山
八功德水,南京灵谷寺,118.8625,32.0571,
溧水县,南京市溧水区,119.0226,31.6527,方山
五台山,五台山,118.7701,32.0503,太平
中山门,依据《1930年代南京市实测新图》定位,118.8221,32.0408,太平
天禧寺,愿景,118.7772,32.0113,蒋山、玄奘
金陵大学,依据《1930年代南京市实测新图》定位,118.7759,32.0586,陈裕光、刘国钧、柯象峰、李小缘、魏学仁、戴安邦、胡小石、孙明经、陶行知
放生池,乌龙潭景区内,118.76,32.0471,颜真卿、太平
湘宫寺,古青溪北。,118.7611,32.0512,
白下城,幕府山南麓,118.7715,32.1041,
湖山,江宁区湖山,119.0174,32.087,
半山寺,依据《陆师学堂新测金陵省全图》，补充1874年《上江两县志》、1908年《金陵杂志》定位,118.8236,32.0486,蒋山、王安石
麒麟门,麒麟门,118.9179,32.0562,
天界寺,依据《1930年代南京市实测新图》定位,118.7664,32.0033,蒋山
定山,浦口定山寺所在,118.6581,32.1314,
凤台山,中华门内西南隅,118.7678,32.022,
卢龙山,狮子山,118.7421,32.0965,
北极阁,依据《陆师学堂新测金陵省全图》，补充1874年《上江两县志》、1908年《金陵杂志》定位,118.7865,32.0623,太平、金陵刻经处
教场,依据《陆师学堂新测金陵省全图》，补充1874年《上江两县志》、1908年《金陵杂志》定位,118.796,32.0089,太平
博物院,依据《1930年代南京市实测新图》定位,118.7911,32.0554,太平
内桥,新街口南,118.7809,32.0307,太平
大中桥,秦淮区通济门,118.7544 ,32.0149,太平、陈沂
孝义桥,绒庄街北端古运渎上,118.7768,32.0315,
右掖门,南京宫城午门右,118.8126,32.0412,
靖安镇,靖安镇,118.7473,32.0871,
驻马坡,史实传说与作品,118.7579,32.0512,葛亮
武英殿,明故宫内,118.8101,32.0423,
仓巷,依据《1930年代南京市实测新图》定位,118.7687,32.0328,
万寿宫,依据《陆师学堂新测金陵省全图》，补充1874年《上江两县志》、1908年《金陵杂志》定位,118.7902,32.0305,
承恩寺,依据《陆师学堂新测金陵省全图》，补充1874年《上江两县志》、1908年《金陵杂志》定位,118.7808,32.026,利玛窦
仪凤门,依据《陆师学堂新测金陵省全图》，补充1874年《上江两县志》、1908年《金陵杂志》定位,118.7428,32.0939,太平
天庆观,朝天宫,118.7702,32.0365,
天津桥,城市与建筑,118.7888,32.0376,
江东门,江东门,118.7369,32.0318,太平
亭山,溧水亭山,118.9714,31.6689,蒋山
察院,依据《陆师学堂新测金陵省全图》，补充1874年《上江两县志》、1908年《金陵杂志》定位,118.7889,32.0266,太平
利涉桥,愿景,118.7871,32.023,
法云寺,下关三汊河附近,118.8145,32.0654,
香林寺,依据《陆师学堂新测金陵省全图》，补充1874年《上江两县志》、1908年《金陵杂志》定位,118.8133,32.0544,太平、曹雪芹
前湖,燕雀湖,118.828,32.0465,太平
能仁寺,愿景,118.7675,32.0032,蒋山
太平桥,依据《陆师学堂新测金陵省全图》，补充1874年《上江两县志》、1908年《金陵杂志》定位,118.7573,32.0839,颜真卿
冶城寺,朝天宫所在址,118.7634,32.0325,
朝阳门,依据《陆师学堂新测金陵省全图》，补充1874年《上江两县志》、1908年《金陵杂志》定位,118.8218,32.0416,太平、蒋山
栅塘,南京市区东南,118.7506,32.0204,
瓦棺寺,秦淮区花露北岗12号,118.767,32.0196,
竹格巷,山川,118.7736  ,32.0304,
行台,依据《陆师学堂新测金陵省全图》，补充1874年《上江两县志》、1908年《金陵杂志》定位,118.783,32.0257,
温峤墓,人物姓氏,118.7721,32.1198,
永宁寺,依据《陆师学堂新测金陵省全图》，补充1874年《上江两县志》、1908年《金陵杂志》定位,118.7773,32.0034,
孝陵卫,紫金山南麓。,118.8553,32.0354,太平、朱元璋
卫桥,依据《陆师学堂新测金陵省全图》，补充1874年《上江两县志》、1908年《金陵杂志》定位,118.8292,32.0431,
武定桥,镇淮桥东北,118.781,32.0195,
金川门,依据《陆师学堂新测金陵省全图》，补充1874年《上江两县志》、1908年《金陵杂志》定位,118.7541,32.0888,太平
张山,古南京城东南,118.9578,31.9953,方山
日观台,鸡笼山上,118.7859,32.0616,
应潮井,紫金山南麓,118.8543,32.0679,
三山街,依据《陆师学堂新测金陵省全图》，补充1874年《上江两县志》、1908年《金陵杂志》定位,118.779,32.0241,
宝公院,灵谷寺,118.8626,32.0572,蒋山、太平
烈山,江宁区烈山,118.5389,31.8337,
赏心亭,秦淮区水西门广场西,118.7632,32.0299,马光祖
江宁浦,江宁县西南,118.8452,31.9552,
折柳亭,莫愁湖公园南侧,118.7568,32.0341,
飞虹桥,南京市秦淮区,118.7835,32.0224,
乌龙潭,位于南京市中心鼓楼区广州路西侧,118.7601,32.0472,太平、魏源、颜真卿
神策门,和平门,118.7821,32.0909,太平、郑成功
崇道桥,愿景,118.7682,32.033,
未央宫,通济门东北,118.7976,32.0265,
西州桥,朝天宫西古运渎上,118.7661,32.0369,
三井冈,江宁凤凰山一带,118.8089,31.8215,
汤泉,南京市浦口区,118.5896,32.1005,
午门,午门,118.8123,32.0412,方孝孺、朱元璋、蒋山
耆阇寺,鸡笼山西。,118.7849,32.0613,
汉西门,依据《1930年代南京市实测新图》定位,118.7616,32.0438,太平
中寺,南门镇淮桥附近,118.7758,32.0156,
白下路,依据《1930年代南京市实测新图》定位,118.7803,32.0314,太平
博望苑,钟山南麓,118.82,32.0494,
朱雀街,中华路南段,118.7787,32.0232,
集庆路,依据《1930年代南京市实测新图》定位,118.7711,32.0206,朱元璋
花山,溧阳县西,118.8454,32.0429,朱元璋
白塔寺,九华山（暂定）,118.802,32.0623,
社稷坛,依据《陆师学堂新测金陵省全图》，补充1874年《上江两县志》、1908年《金陵杂志》定位,118.7659,32.0061,朱元璋
奉天门,明故宫内,118.8123,32.0416,
招提寺,石头城北,118.7451,32.0619,
北门桥,依据《陆师学堂新测金陵省全图》，补充1874年《上江两县志》、1908年《金陵杂志》定位,118.7826,32.0564,太平
九华山,依据《1930年代南京市实测新图》定位,118.8029,32.0621,太平、玄奘
鸡鸣山,玄武区鸡笼山,118.787,32.0616,朱元璋
凤台门,凤台门,118.7701,31.9769,
孔子巷,长乐桥东,118.787,32.018,
护城河,外秦淮河,118.7429,32.0649,太平、朱元璋
中华路,依据《1930年代南京市实测新图》定位,118.7777,32.0187,太平
静海寺,依据《陆师学堂新测金陵省全图》，补充1874年《上江两县志》、1908年《金陵杂志》定位,118.7383,32.0944,
铜山,江宁区铜山,118.8797,31.6821,
千佛岭,栖霞山中峰西麓,118.9547,32.1535,
清凉门,清凉门,118.7521,32.0495,太平
双桥,依据《1930年代南京市实测新图》定位,118.8135,32.0341,
高晔桥,西州桥南,118.7671,32.0364,
阅江楼,鼓楼区狮子山巅,118.7411,32.0951,宋濂、朱元璋
高桥门,高桥门,118.8467,31.9986,方山
清真寺,草桥附近,118.7723,32.0312,
文华殿,明故宫内,118.8141,32.0424,
胜棋楼,依据《陆师学堂新测金陵省全图》，补充1874年《上江两县志》、1908年《金陵杂志》定位,118.7577,32.0355,
武胜桥,愿景,118.7816,32.0516,
三山门,依据《陆师学堂新测金陵省全图》，补充1874年《上江两县志》、1908年《金陵杂志》定位,118.7644,32.0319,太平
正觉寺,依据《陆师学堂新测金陵省全图》，补充1874年《上江两县志》、1908年《金陵杂志》定位,118.7903,32.0159,
天开岩,栖霞山风景区内,118.9588,32.157,
翰林院,依据《陆师学堂新测金陵省全图》，补充1874年《上江两县志》、1908年《金陵杂志》定位,118.816,32.0302,
金陵寺,依据《陆师学堂新测金陵省全图》，补充1874年《上江两县志》、1908年《金陵杂志》定位,118.7561,32.0743,
祖堂山,祖堂山,118.7415,31.894,李昪、法融
骠骑航,来燕桥西侧，武定门一带,118.7968,32.0245,
南京国子监,鸡笼山下,118.7913,32.062,
建康路,依据《1930年代南京市实测新图》定位,118.7886,32.0257,太平
永庆寺,依据《陆师学堂新测金陵省全图》，补充1874年《上江两县志》、1908年《金陵杂志》定位,118.7719,32.0504,
文德桥,文德桥位于江苏省南京市秦淮区夫子庙泮池西侧，地处夫子庙秦淮风光带，始建于明朝万历年间，后历代均有修葺[3]，相传为李白醉酒捞月之地，后世为以示纪念，在桥旁辟建得月台,118.7841,32.0213,茅以升
聚宝山,物产与经济,118.7723,32.0009,
东庐山,溧水区东庐山,119.1184,31.6537,方山
吴大帝陵,明孝陵景区梅花山,118.8334,32.0526,
翠微亭,清凉山,118.7501,32.0521,
萧家渡,建康路淮清桥西南,118.789,32.025,
观音门,燕子矶观音山谷之间,118.8136,32.1453,
笪桥,笪桥,118.7752,32.0323,太平
土桥,依据《陆师学堂新测金陵省全图》，补充1874年《上江两县志》、1908年《金陵杂志》定位,118.7662,32.0251,太平
乾清宫,依据《明代南京皇城宫城复原图》定位,118.8125,32.0439,
严家桥,依据《1930年代南京市实测新图》定位,118.7846,32.0526,
一枝园,依据《陆师学堂新测金陵省全图》，补充1874年《上江两县志》、1908年《金陵杂志》定位,118.7892,32.0508,
落星山,落星村（暂定）,118.9861,32.1597,
御河,依据《陆师学堂新测金陵省全图》，补充1874年《上江两县志》、1908年《金陵杂志》定位,118.8002,32.0322,
秣陵关,江宁县南秣陵镇。,118.8335,31.8367,方山
斗门桥,升州路与鼎新路交会处,118.7728,32.0224,
蒋王庙,依据《陆师学堂新测金陵省全图》，补充1874年《上江两县志》、1908年《金陵杂志》定位,118.8277,32.0834,太平
龙王庙,依据《陆师学堂新测金陵省全图》，补充1874年《上江两县志》、1908年《金陵杂志》定位,118.784,32.0344,
西善桥,雨花台区西南部、秦淮新河南,118.7168,31.9547,
高座寺,雨花台风景名胜区内,118.7762,32.0025,蒋山
淮清桥,秦淮区建康路东段,118.7887,32.0254,
幽栖寺,江宁区祖堂山南麓,118.7443,31.8822,
长寿寺,潮沟后,118.7924,32.0484,
郭璞墓,玄武湖公园内,118.7857,32.0736,
光华门,依据《1930年代南京市实测新图》定位,118.8106,32.0237,太平、方山
华严寺,依据《1930年代南京市实测新图》定位,118.7486,31.9961,
东水关,依据《陆师学堂新测金陵省全图》，补充1874年《上江两县志》、1908年《金陵杂志》定位,118.7925,32.0248,太平、方山
普德寺,依据《陆师学堂新测金陵省全图》，补充1874年《上江两县志》、1908年《金陵杂志》定位,118.7703,32.0057,
嘉瑞坊,秦淮区鹏欣水游城一带,118.7804,32.0256,
蔡洲,南京市西南,118.6446,31.9569,
锦绣坊,依据《陆师学堂新测金陵省全图》，补充1874年《上江两县志》、1908年《金陵杂志》定位,118.7807,32.0268,
成贤街,依据《陆师学堂新测金陵省全图》，补充1874年《上江两县志》、1908年《金陵杂志》定位,118.7918,32.0544,
饮虹桥,凤台坊附近,118.798,32.0149,
芝山,溧水区芝山,119.1317,31.482,
龙引,依据《陆师学堂新测金陵省全图》，补充1874年《上江两县志》、1908年《金陵杂志》定位,118.7955,32.0696,
珍珠河,南京城区中北部,118.7918,32.0571,
湖熟镇,江宁区东南部,118.9799,31.862,方山
谨身殿,明故宫内,118.8125,32.0432,
钞库街,依据《陆师学堂新测金陵省全图》，补充1874年《上江两县志》、1908年《金陵杂志》定位,118.7827,32.0199,
凤凰里,秦淮区花露岗一带,118.7678,32.022,
杏花村,依据《陆师学堂新测金陵省全图》，补充1874年《上江两县志》、1908年《金陵杂志》定位,118.7663,32.0202,杜牧
定淮门,依据《陆师学堂新测金陵省全图》，补充1874年《上江两县志》、1908年《金陵杂志》定位,118.7423,32.0706,太平
菰首桥,燕雀湖附近,118.8016,32.0312,
谢公墩,南京半山园,118.8244,32.0469,
评事街,依据《1930年代南京市实测新图》定位,118.7744,32.0301,
吉山,依据《陆师学堂新测金陵省全图》，补充1874年《上江两县志》、1908年《金陵杂志》定位,118.7617,31.8553,
东锦绣坊,秦淮区八角亭一带,118.782,32.0337,
东花园,依据《陆师学堂新测金陵省全图》，补充1874年《上江两县志》、1908年《金陵杂志》定位,118.7883,32.021,
马道街,依据《陆师学堂新测金陵省全图》，补充1874年《上江两县志》、1908年《金陵杂志》定位,118.7816,32.0161,
冶城山,朝天宫附近,118.7696,32.0356,
复成桥,史实传说与作品,118.7959,32.0351,太平
鹫峰寺,依据《陆师学堂新测金陵省全图》，补充1874年《上江两县志》、1908年《金陵杂志》定位,118.7954,32.0276,
洪武门,依据《陆师学堂新测金陵省全图》，补充1874年《上江两县志》、1908年《金陵杂志》定位,118.8104,32.0244,
江宁镇,江宁街道,118.6038,31.8659,
仙鹤门,仙鹤门,118.8995,32.0904,
三牌楼,依据《陆师学堂新测金陵省全图》，补充1874年《上江两县志》、1908年《金陵杂志》定位,118.7626,32.0799,
落马涧,南京城南,118.7665,32.0139,
南巷,依据《1930年代南京市实测新图》定位,118.775,32.0387,
乌山,溧水区乌山,118.9672,31.7207,
施食台,依据《陆师学堂新测金陵省全图》，补充1874年《上江两县志》、1908年《金陵杂志》定位,118.7908,32.0628,
碧峰寺,依据《陆师学堂新测金陵省全图》，补充1874年《上江两县志》、1908年《金陵杂志》定位,118.7646,32.0055,
西水关,依据《陆师学堂新测金陵省全图》，补充1874年《上江两县志》、1908年《金陵杂志》定位,118.7639,32.0307,太平
霹雳沟,燕雀湖东,118.8322,32.0444,
彭城寺,古御街附近,118.7812,32.0227,
南京礼部,明故宫内,118.8118,32.0279,葛寅亮
火巷,依据《陆师学堂新测金陵省全图》，补充1874年《上江两县志》、1908年《金陵杂志》定位,118.7654,32.0817,
大胜关,大胜关,118.6417,31.961,方山
尹桥,次南有尹桥，今潮沟大巷东出度此桥,118.8025,32.0556,
走马桥,燕雀湖西,118.8267,32.0463,
龙江关,仪凤门外,118.7406,32.0932,
一人泉,史实传说与作品,118.8553,32.0655,
花牌楼,依据《陆师学堂新测金陵省全图》，补充1874年《上江两县志》、1908年《金陵杂志》定位,118.7881,32.0392,太平、金陵刻经处
白下桥,白下亭附近,118.7774,32.1066,
神乐观,依据《陆师学堂新测金陵省全图》，补充1874年《上江两县志》、1908年《金陵杂志》定位,118.8185,32.0197,
何皇后寺,西州桥南,118.7658,32.0363,
纪瞻宅,秦淮河文德桥南乌衣巷,118.7846,32.0191,
半山园,南京市玄武区中山门内,118.8225,32.0424,王安石
扫叶楼,依据《陆师学堂新测金陵省全图》，补充1874年《上江两县志》、1908年《金陵杂志》定位,118.7553,32.0505,龚贤
麒麟铺,麒麟铺社区附近,118.9209,32.0626,
南京刑部,明故宫太平门外,118.8118,32.0272,
双桥门,双桥门,118.8014,31.9966,
竹桥,位于龙蟠中路和珠江路交界处,118.8002,32.0474,太平
珍珠桥,北京东路珍珠河上,118.7903,32.051,太平
南湖,依据《陆师学堂新测金陵省全图》，补充1874年《上江两县志》、1908年《金陵杂志》定位,118.7583,32.03,
大功坊,依据《陆师学堂新测金陵省全图》，补充1874年《上江两县志》、1908年《金陵杂志》定位,118.7793,32.0232,
小营,依据《1930年代南京市实测新图》定位,118.8006,32.0517,太平
干河沿,依据《陆师学堂新测金陵省全图》，补充1874年《上江两县志》、1908年《金陵杂志》定位,118.7693,32.0518,
挹江门,依据《1930年代南京市实测新图》定位,118.7415,32.0886,太平
奉天殿,依据《明代南京皇城宫城复原图》定位,118.8124,32.0423,
观音庵,依据《陆师学堂新测金陵省全图》，补充1874年《上江两县志》、1908年《金陵杂志》定位,118.7755,32.0791,
升平桥,依据《陆师学堂新测金陵省全图》，补充1874年《上江两县志》、1908年《金陵杂志》定位,118.7837,32.0308,
麾扇渡,秦淮河上,118.7772,32.0153,
虎山,动植物,119.0582,31.5321,
钓鱼台,依据《陆师学堂新测金陵省全图》，补充1874年《上江两县志》、1908年《金陵杂志》定位,118.7737,32.0189,
明道书院,江苏省戏剧学校附近（暂定）,118.7911,32.0314,
铁作坊,依据《陆师学堂新测金陵省全图》，补充1874年《上江两县志》、1908年《金陵杂志》定位,118.776,32.022,
通政司,依据《陆师学堂新测金陵省全图》，补充1874年《上江两县志》、1908年《金陵杂志》定位,118.8068,32.0289,
禅众寺,古察战巷后,118.7732,32.029,
富民坊,依据《陆师学堂新测金陵省全图》，补充1874年《上江两县志》、1908年《金陵杂志》定位,118.7778,32.0362,
中山路,依据《1930年代南京市实测新图》定位,118.79,32.0429,太平
长乐渡,长乐渡,118.7791,32.0146,
观音阁,依据《陆师学堂新测金陵省全图》，补充1874年《上江两县志》、1908年《金陵杂志》定位,118.7917,32.0237,
马巷,依据《陆师学堂新测金陵省全图》，补充1874年《上江两县志》、1908年《金陵杂志》定位,118.7774,32.0269,
上浮桥,双塘路附近,118.7724,32.0248,
娄湖苑,秦淮区老虎头（一说在新林）,118.786,32.0122,
下浮桥,水西门内来凤街北,118.7677,32.0291,
护国寺,依据《陆师学堂新测金陵省全图》，补充1874年《上江两县志》、1908年《金陵杂志》定位,118.815,32.0753,
万竹园,依据《陆师学堂新测金陵省全图》，补充1874年《上江两县志》、1908年《金陵杂志》定位,118.7902,32.0305,
竺桥,依据《陆师学堂新测金陵省全图》，补充1874年《上江两县志》、1908年《金陵杂志》定位,118.7997,32.0484,太平
驯象门,驯象门,118.7518,32.0067,
谢安宅,位于内秦淮河文德桥南乌衣巷,118.7851,32.0198,
河街,依据《1930年代南京市实测新图》定位,118.7357,32.0991,
油坊巷,依据《陆师学堂新测金陵省全图》，补充1874年《上江两县志》、1908年《金陵杂志》定位,118.7806,32.0176,姚元白
钓鱼巷,依据《陆师学堂新测金陵省全图》，补充1874年《上江两县志》、1908年《金陵杂志》定位,118.7914,32.0259,
应天府学,鸡鸣山南一带,118.7889,32.0599,
宝光寺,依据《陆师学堂新测金陵省全图》，补充1874年《上江两县志》、1908年《金陵杂志》定位,118.7778,32.0011,
虎踞关,依据《陆师学堂新测金陵省全图》，补充1874年《上江两县志》、1908年《金陵杂志》定位,118.7588,32.061,
四象桥,秦淮区太平南路南段,118.7847,32.0286,
甘露寺,依据《陆师学堂新测金陵省全图》，补充1874年《上江两县志》、1908年《金陵杂志》定位,118.743,32.0369,
三坊巷,依据《陆师学堂新测金陵省全图》，补充1874年《上江两县志》、1908年《金陵杂志》定位,118.7777,32.0206,
栅栏门,依据《1930年代南京市实测新图》定位,118.7477,32.0993,
中营,依据《陆师学堂新测金陵省全图》，补充1874年《上江两县志》、1908年《金陵杂志》定位,118.7832,32.0129,
东虹桥,其他,118.7958,32.0376,
二条巷,依据《陆师学堂新测金陵省全图》，补充1874年《上江两县志》、1908年《金陵杂志》定位,118.7971,32.0414,
云居寺,江宁区淳化街道青山社区云徐路,118.9618,31.9511,
大壮观山,红山,118.7972,32.0943,
直渎山,长江观音景区附近,118.8012,32.1389,
小九华,依据《陆师学堂新测金陵省全图》，补充1874年《上江两县志》、1909年《金陵杂志》定位,118.7568,32.0506,
秀山,高淳区秀山,118.9738,31.2875,
凤游寺,依据《陆师学堂新测金陵省全图》，补充1874年《上江两县志》、1908年《金陵杂志》定位,118.7669,32.0189,焦竑
都城隍,依据《陆师学堂新测金陵省全图》，补充1874年《上江两县志》、1908年《金陵杂志》定位,118.7392,32.0382,刘忠
颜料坊,依据《陆师学堂新测金陵省全图》，补充1874年《上江两县志》、1908年《金陵杂志》定位,118.7739,32.0241,
剪子巷,依据《陆师学堂新测金陵省全图》，补充1874年《上江两县志》、1908年《金陵杂志》定位,118.7803,32.0152,
七家湾,依据《陆师学堂新测金陵省全图》，补充1874年《上江两县志》、1908年《金陵杂志》定位,118.7729,32.0318,
南京户部,明故宫内,118.8119,32.028,
大市桥,张府园附近,118.7756,32.0338,
牛市,依据《陆师学堂新测金陵省全图》，补充1874年《上江两县志》、1908年《金陵杂志》定位,118.7735,32.023,
洪武街,依据《陆师学堂新测金陵省全图》，补充1874年《上江两县志》、1908年《金陵杂志》定位,118.7873,32.0518,
宋明帝陵,幕府山东南麓,118.8084,32.1232,
扬烈桥,笪桥,118.7748,32.0321,
羊市桥,依据《陆师学堂新测金陵省全图》，补充1874年《上江两县志》、1908年《金陵杂志》定位,118.7764,32.032,
北安门,北安门,118.8119,32.0507,太平
长乐桥,镇淮桥东,118.7704,32.0266,
青园寺,覆舟山下,118.8004,32.0623,
西安门,西安门,118.8074,32.0426,
云台山,江宁区西南的横溪街道,118.7263,31.7313,顾恺之
箍桶巷,依据《陆师学堂新测金陵省全图》，补充1874年《上江两县志》、1908年《金陵杂志》定位,118.7834,32.018,
天堡城,依据《1930年代南京市实测新图》定位,118.8237,32.0661,太平
乌衣园,乌衣巷东,118.7915,32.0185,
沧波门,沧波门,118.885,32.0286,
卢妃巷,依据《陆师学堂新测金陵省全图》，补充1874年《上江两县志》、1908年《金陵杂志》定位,118.7811,32.0351,
西虹桥,其他,118.7804,32.0372,
双塘,依据《陆师学堂新测金陵省全图》，补充1874年《上江两县志》、1908年《金陵杂志》定位,118.7686,32.0241,
大行宫,大行宫,118.7892,32.044,太平
顾楼,依据《陆师学堂新测金陵省全图》，补充1874年《上江两县志》、1908年《金陵杂志》定位,118.7789,32.0197,顾恺之
小东门,依据《陆师学堂新测金陵省全图》，补充1874年《上江两县志》、1908年《金陵杂志》定位,118.7474,32.0948,太平
石城桥,依据《陆师学堂新测金陵省全图》，补充1874年《上江两县志》、1908年《金陵杂志》定位,118.7576,32.0453,
先贤祠,秦淮区朝天宫街道冶山道院社区,118.7696,32.042,马光祖
红板桥,依据《陆师学堂新测金陵省全图》，补充1874年《上江两县志》、1908年《金陵杂志》定位,118.785,32.0524,
金沙井,依据《陆师学堂新测金陵省全图》，补充1874年《上江两县志》、1908年《金陵杂志》定位,118.7771,32.0238,
胭脂巷,秦淮区集庆路东段北侧,118.771,32.0216,
南京兵部,明故宫内,118.8118,32.0275,
东安门,东安门,118.8167,32.0411,
天地坛,明故宫正阳门外,118.81,32.0388,
徐达墓,玄武区太平门外板仓街,118.818,32.0765,
旧王府,依据《陆师学堂新测金陵省全图》，补充1874年《上江两县志》、1908年《金陵杂志》定位,118.7817,32.0256,
南京工部,明故宫内,118.8118,32.0272,
太平路,依据《1930年代南京市实测新图》定位,118.7875,32.0368,
红山,依据《陆师学堂新测金陵省全图》，补充1874年《上江两县志》、1908年《金陵杂志》定位,118.8004,32.0946,太平
旧洲,依据《陆师学堂新测金陵省全图》，补充1874年《上江两县志》、1908年《金陵杂志》定位,118.79,32.0781,
三山矶,雨花台区梅山街道附近,118.604,31.9245,
古林庵,依据《陆师学堂新测金陵省全图》，补充1874年《上江两县志》、1908年《金陵杂志》定位,118.7556,32.0661,
中和桥,秦淮区大光路街道象房村社区光华门外,118.8036,32.0233,
东冶亭,"南京市东,古半山寺",118.8205,32.0529,
萧公庙,萧公庙,118.8552,32.0356,
王府园,依据《陆师学堂新测金陵省全图》，补充1874年《上江两县志》、1908年《金陵杂志》定位,118.7822,32.0293,朱元璋
唱经楼,依据《陆师学堂新测金陵省全图》，补充1874年《上江两县志》、1908年《金陵杂志》定位,118.7824,32.0559,
石灰山,幕府山,118.7774,32.1217,
蟒蛇仓,依据《陆师学堂新测金陵省全图》，补充1874年《上江两县志》、1908年《金陵杂志》定位,118.788,32.0134,
三藏殿,依据《陆师学堂新测金陵省全图》，补充1874年《上江两县志》、1908年《金陵杂志》定位,118.7777,32.0076,
华严庵,依据《陆师学堂新测金陵省全图》，补充1874年《上江两县志》、1908年《金陵杂志》定位,118.7582,32.0353,
香铺营,依据《陆师学堂新测金陵省全图》，补充1874年《上江两县志》、1908年《金陵杂志》定位,118.7841,32.0492,
五马渡,幕府山北麓,118.7825,32.1292,
大香炉,依据《陆师学堂新测金陵省全图》，补充1874年《上江两县志》、1908年《金陵杂志》定位,118.777,32.035,
南京太常寺,后府南,118.8094,32.0285,
玄津桥,秦淮区西安门西,118.7981,32.0414,
黄天荡,栖霞街道至龙潭街道沿江一带,118.9892,32.1662,
三宿岩,依据《陆师学堂新测金陵省全图》，补充1874年《上江两县志》、1909年《金陵杂志》定位,118.7389,32.0958,
娃娃桥,依据《陆师学堂新测金陵省全图》，补充1874年《上江两县志》、1908年《金陵杂志》定位,118.7847,32.0325,
鼎新桥,鼎新路北,118.7725,32.0329,
龙广山,依据《陆师学堂新测金陵省全图》，补充1874年《上江两县志》、1908年《金陵杂志》定位,118.817,32.0605,太平
六合山,定山,118.6559,32.1305,
紫竹林,依据《1930年代南京市实测新图》定位,118.769,32.0864,
西锦绣坊,秦淮区中检大厦一带,118.7791,32.0315,
白塔巷,白塔巷位于南京市秦淮区白鹭洲公园北,118.7888,32.0229,
小石桥,依据《陆师学堂新测金陵省全图》，补充1874年《上江两县志》、1908年《金陵杂志》定位,118.782,32.0595,
吉祥寺,依据《1930年代南京市实测新图》定位,118.7589,32.0623,
头条巷,依据《陆师学堂新测金陵省全图》，补充1874年《上江两县志》、1908年《金陵杂志》定位,118.8013,32.045,
南郊坛,牛首山西,118.7335,31.9167,
望仙桥,人物姓氏,118.7668,32.0331,
王府巷,依据《陆师学堂新测金陵省全图》，补充1874年《上江两县志》、1908年《金陵杂志》定位,118.771,32.0348,
清化坊,秦淮区玉评事街小区南侧一带,118.7735,32.0304,
俞通海墓,依据《陆师学堂新测金陵省全图》，补充1874年《上江两县志》、1908年《金陵杂志》定位,118.7811,32.0066,
和平门,依据《1930年代南京市实测新图》定位,118.7828,32.0909,太平
石头津,城市与建筑,118.7555,32.0481,方山
翔鸾庙,依据《陆师学堂新测金陵省全图》，补充1874年《上江两县志》、1908年《金陵杂志》定位,118.7811,32.0171,
东岳庙,秦淮区五中东,118.7768,32.0346,
宝船厂,鼓楼区三汊河附近,118.7282,32.0627,
明伦堂,依据《陆师学堂新测金陵省全图》，补充1874年《上江两县志》、1908年《金陵杂志》定位,118.7711,32.0347,
东阳镇,栖霞区东阳社区,119.0206,31.8289,
磨盘街,依据《陆师学堂新测金陵省全图》，补充1874年《上江两县志》、1908年《金陵杂志》定位,118.7728,32.0182,
保泰街,依据《陆师学堂新测金陵省全图》，补充1874年《上江两县志》、1908年《金陵杂志》定位,118.7799,32.0607,
吴良墓,太平门外岗子村南京电影机械厂附近,118.8138,32.0683,
军师巷,依据《陆师学堂新测金陵省全图》，补充1874年《上江两县志》、1908年《金陵杂志》定位,118.7783,32.0167,
果子行,依据《陆师学堂新测金陵省全图》，补充1874年《上江两县志》、1908年《金陵杂志》定位,118.7761,32.026,
火星庙,依据《1930年代南京市实测新图》定位,118.7931,32.0282,
小仓山,清凉山东，五台山北,118.7654,32.0531,袁枚
二郎庙,大行宫西南，延龄巷北段,118.7874,32.0418,
卧佛寺,依据《陆师学堂新测金陵省全图》，补充1874年《上江两县志》、1908年《金陵杂志》定位,118.7698,32.0323,
建兴寺,何后寺南，运渎高晔桥西,118.7666,32.0357,
黄泥巷,依据《陆师学堂新测金陵省全图》，补充1874年《上江两县志》、1908年《金陵杂志》定位,118.769,32.0388,
弓箭坊,依据《陆师学堂新测金陵省全图》，补充1874年《上江两县志》、1908年《金陵杂志》定位,118.7758,32.0273,
龙蟠里,依据《陆师学堂新测金陵省全图》，补充1874年《上江两县志》、1908年《金陵杂志》定位,118.7585,32.0481,魏源
柏川桥,龙蟠中路体育大厦停车场旁,118.799,32.0316,
竹山,江宁区竹山,118.8361,31.9498,
土街口,依据《陆师学堂新测金陵省全图》，补充1874年《上江两县志》、1908年《金陵杂志》定位,118.7826,32.0439,
草场门,依据《陆师学堂新测金陵省全图》，补充1874年《上江两县志》、1908年《金陵杂志》定位,118.7471,32.0605,太平
上元门,上元门,118.7645,32.1174,
宋晟墓,雨花台区雨花西路,118.7637,32.0022,
西桥,依据《陆师学堂新测金陵省全图》，补充1874年《上江两县志》、1908年《金陵杂志》定位,118.7627,32.0661,
新亭垒,城市与建筑,118.6795,31.9729,
网巾市,依据《陆师学堂新测金陵省全图》，补充1874年《上江两县志》、1908年《金陵杂志》定位,118.7762,32.0568,
琵琶巷,依据《陆师学堂新测金陵省全图》，补充1874年《上江两县志》、1908年《金陵杂志》定位,118.7851,32.0194,
狮子桥,鼓楼区湖南路附近,118.771,32.0704,
会同桥,景定桥，位于西虹桥之东南、天津桥之西、永宁驿北。旧名清化桥，俗称闪驾桥。明代改名会同桥。至清代，因北临鸽子市，俗称鸽子桥，此桥名相沿至今。http://blog.sina.com.cn/s/blog_d6b012870101kr8q.html,118.8101,32.0303,
青龙桥,依据《陆师学堂新测金陵省全图》，补充1874年《上江两县志》、1908年《金陵杂志》定位,118.8178,32.0342,
铁汤池,依据《陆师学堂新测金陵省全图》，补充1874年《上江两县志》、1908年《金陵杂志》定位,118.7828,32.0413,
罗落桥,石埠桥,118.9452,32.1653,
天文台,依据《1930年代南京市实测新图》定位,118.8244,32.0667,张钰哲、太平
九华寺,依据《1930年代南京市实测新图》定位,118.8016,32.0624,
此君亭,斗门桥西,118.7709,32.0277,
北极真武庙,鸡笼山附近（暂定）,118.7913,32.062,
姚坊门,尧化门,118.8743,32.1072,
进香河,依据《陆师学堂新测金陵省全图》，补充1874年《上江两县志》、1908年《金陵杂志》定位,118.786,32.0565,
科巷,依据《陆师学堂新测金陵省全图》，补充1874年《上江两县志》、1908年《金陵杂志》定位,118.7902,32.0419,太平
细柳巷,依据《1930年代南京市实测新图》定位,118.7901,32.0335,
石坝街,依据《陆师学堂新测金陵省全图》，补充1874年《上江两县志》、1908年《金陵杂志》定位,118.7851,32.0221,
通贤桥,依据《陆师学堂新测金陵省全图》，补充1874年《上江两县志》、1908年《金陵杂志》定位,118.7867,32.0514,
白鹭亭,莫愁湖一带,118.7584,32.035,
新亭寺,新亭岗,118.7391,31.9793,
贡院街,依据《1930年代南京市实测新图》定位,118.7867,32.0237,
周郎桥,江宁区周郎桥,119.0562,31.9335,
栖霞街,栖霞镇,118.9484,32.1506,
开福寺,冶城东南，万寿桥西,118.8033,32.0259,
夹冈门,夹岗门,118.8074,31.9782,
广艺街,依据《陆师学堂新测金陵省全图》，补充1874年《上江两县志》、1908年《金陵杂志》定位,118.7822,32.0313,
红土桥,依据《陆师学堂新测金陵省全图》，补充1874年《上江两县志》、1908年《金陵杂志》定位,118.7729,32.0299,
玉带巷,依据《陆师学堂新测金陵省全图》，补充1874年《上江两县志》、1908年《金陵杂志》定位,118.7724,32.0259,
江东桥,茶亭东街，江东门纪念馆外,118.736,32.0375,
长乐路,依据《1930年代南京市实测新图》定位,118.7862,32.0176,
齐云观,古台城内,118.7706,32.0652,
洪武路,依据《1930年代南京市实测新图》定位,118.7822,32.0401,
太平街,依据《陆师学堂新测金陵省全图》，补充1874年《上江两县志》、1908年《金陵杂志》定位,118.7687,32.0235,
征虏亭,鼓楼区西南明城墙内,118.7515,32.0545,
颐和路,依据《1930年代南京市实测新图》定位,118.7615,32.0652,
延兴寺,红土桥附近，运渎西,118.7728,32.0306,
致和街,依据《陆师学堂新测金陵省全图》，补充1874年《上江两县志》、1908年《金陵杂志》定位,118.7877,32.0271,
钟山书院,依据《陆师学堂新测金陵省全图》，补充1874年《上江两县志》、1908年《金陵杂志》定位,118.7859,32.0344,姚鼐、钱大昕
糖坊桥,依据《陆师学堂新测金陵省全图》，补充1874年《上江两县志》、1908年《金陵杂志》定位,118.78,32.046,
狮山,依据《1930年代南京市实测新图》定位,118.7423,32.0965,
小石坝街,依据《陆师学堂新测金陵省全图》，补充1874年《上江两县志》、1908年《金陵杂志》定位,118.787,32.022,
汉口路,依据《1930年代南京市实测新图》定位,118.7761,32.0557,
梅园,依据《1930年代南京市实测新图》定位,118.7965,32.0449,太平
侍其巷,依据《陆师学堂新测金陵省全图》，补充1874年《上江两县志》、1908年《金陵杂志》定位,118.7732,32.0188,
兴中门,依据《1930年代南京市实测新图》定位,118.7424,32.0937,太平
玉泉山,山川,118.9605,31.271,
石龙池,方山风景区内,118.8701,31.8968,
丁家桥,依据《陆师学堂新测金陵省全图》，补充1874年《上江两县志》、1908年《金陵杂志》定位,118.7723,32.0729,
堂子巷,依据《陆师学堂新测金陵省全图》，补充1874年《上江两县志》、1908年《金陵杂志》定位,118.7839,32.02,
甄邯墓,玄武湖附近,118.7874,32.0877,
大石桥,依据《陆师学堂新测金陵省全图》，补充1874年《上江两县志》、1908年《金陵杂志》定位,118.7853,32.0558,
彩霞街,依据《陆师学堂新测金陵省全图》，补充1874年《上江两县志》、1908年《金陵杂志》定位,118.7737,32.0261,
状元坊,秦淮区中华广场一带,118.781,32.0291,
碑亭巷,依据《陆师学堂新测金陵省全图》，补充1874年《上江两县志》、1908年《金陵杂志》定位,118.7883,32.0448,
珠江路,依据《1930年代南京市实测新图》定位,118.7805,32.0521,太平
上方桥,七桥瓮,118.8076,32.0161,
老虎头,依据《陆师学堂新测金陵省全图》，补充1874年《上江两县志》、1909年《金陵杂志》定位,118.7866,32.0123,
广济坊,秦淮区南京市五中一带,118.7768,32.0346,
花市,依据《陆师学堂新测金陵省全图》，补充1874年《上江两县志》、1908年《金陵杂志》定位,118.7787,32.0208,
水西门大街,依据《陆师学堂新测金陵省全图》，补充1874年《上江两县志》、1908年《金陵杂志》定位,118.768,32.0318,
织造署,依据《陆师学堂新测金陵省全图》，补充1874年《上江两县志》、1908年《金陵杂志》定位,118.7899,32.0265,江总
张府园,依据《陆师学堂新测金陵省全图》，补充1874年《上江两县志》、1908年《金陵杂志》定位,118.777,32.0337,
晋穆帝陵,幕府山南麓,118.785,32.1195,
淮青桥,桃叶渡附近,118.7887,32.0254,
上海路,依据《1930年代南京市实测新图》定位,118.7714,32.0521,
三条营,依据《陆师学堂新测金陵省全图》，补充1874年《上江两县志》、1908年《金陵杂志》定位,118.781,32.0134,
明瓦廊,依据《陆师学堂新测金陵省全图》，补充1874年《上江两县志》、1908年《金陵杂志》定位,118.7781,32.0386,
常府街,依据《陆师学堂新测金陵省全图》，补充1874年《上江两县志》、1908年《金陵杂志》定位,118.7903,32.0358,太平、金陵刻经处
高楼门,依据《1930年代南京市实测新图》定位,118.7817,32.0633,
莲花桥,依据《陆师学堂新测金陵省全图》，补充1874年《上江两县志》、1908年《金陵杂志》定位,118.7842,32.0519,
南捕厅,依据《陆师学堂新测金陵省全图》，补充1874年《上江两县志》、1908年《金陵杂志》定位,118.7774,32.0288,
段石冈,牛首山附近,118.7405,31.9289,
青溪坊,秦淮区广电大厦一带,118.7906,32.0301,
右御街,政治军事,118.7801,32.028,
元武门,玄武门,118.8128,32.0464,
马路街,依据《陆师学堂新测金陵省全图》，补充1874年《上江两县志》、1908年《金陵杂志》定位,118.7937,32.0331,
大马路,依据《陆师学堂新测金陵省全图》，补充1874年《上江两县志》、1908年《金陵杂志》定位,118.733,32.0967,
状元境,依据《陆师学堂新测金陵省全图》，补充1874年《上江两县志》、1908年《金陵杂志》定位,118.7824,32.0244,
三条巷,依据《陆师学堂新测金陵省全图》，补充1874年《上江两县志》、1908年《金陵杂志》定位,118.796,32.0416,
王骞墅,人物姓氏,118.8396,32.0698,
赛虹桥,依据《陆师学堂新测金陵省全图》，补充1874年《上江两县志》、1908年《金陵杂志》定位,118.7602,32.0164,
信府河,依据《陆师学堂新测金陵省全图》，补充1874年《上江两县志》、1908年《金陵杂志》定位,118.7736,32.0213,
金陵闸,依据《陆师学堂新测金陵省全图》，补充1874年《上江两县志》、1908年《金陵杂志》定位,118.7876,32.0234,
阴阳营,依据《陆师学堂新测金陵省全图》，补充1874年《上江两县志》、1908年《金陵杂志》定位,118.7685,32.0577,
板桥镇,板桥镇,118.6544,31.9237,
大方巷,依据《1930年代南京市实测新图》定位,118.769,32.0664,
东牌楼,依据《陆师学堂新测金陵省全图》，补充1874年《上江两县志》、1908年《金陵杂志》定位,118.7834,32.0215,
赭山,赭山头村旁,119.1035,31.4792,
四条巷,依据《陆师学堂新测金陵省全图》，补充1874年《上江两县志》、1908年《金陵杂志》定位,118.794,32.042,太平、王秀兰
柳叶街,依据《陆师学堂新测金陵省全图》，补充1874年《上江两县志》、1908年《金陵杂志》定位,118.7689,32.0278,
户部街,依据《陆师学堂新测金陵省全图》，补充1874年《上江两县志》、1908年《金陵杂志》定位,118.7865,32.037,
荷花塘,依据《陆师学堂新测金陵省全图》，补充1874年《上江两县志》、1908年《金陵杂志》定位,118.7909,32.0326,
铜作坊,依据《陆师学堂新测金陵省全图》，补充1874年《上江两县志》、1908年《金陵杂志》定位,118.7773,32.025,
扫帚巷,依据《陆师学堂新测金陵省全图》，补充1874年《上江两县志》、1908年《金陵杂志》定位,118.7786,32.0117,
汉中路,依据《1930年代南京市实测新图》定位,118.7696,32.0445,
午朝门,依据《1930年代南京市实测新图》定位,118.8123,32.0396,
止马营,依据《陆师学堂新测金陵省全图》，补充1874年《上江两县志》、1908年《金陵杂志》定位,118.7687,32.0341,
红土山,依据《1930年代南京市实测新图》定位,118.788,31.9951,
延贤寺,钟山,118.8145,32.0654,蒋山
钟阜门,依据《陆师学堂新测金陵省全图》，补充1874年《上江两县志》、1908年《金陵杂志》定位,118.7651,32.0921,太平
宁海路,依据《1930年代南京市实测新图》定位,118.7665,32.0565,
师范学堂,依据《陆师学堂新测金陵省全图》，补充1874年《上江两县志》、1906年《金陵杂志》定位,118.7978,32.0461,李瑞清
板仓,依据《1930年代南京市实测新图》定位,118.8187,32.0744,太平
石臼湖,江苏省南京市溧水区、高淳区和安徽省马鞍山市当涂县、博望区三区一县交界,118.8771,31.4693,方山
利济巷,依据《陆师学堂新测金陵省全图》，补充1874年《上江两县志》、1908年《金陵杂志》定位,118.7929,32.0425,太平
小桃园,依据《陆师学堂新测金陵省全图》，补充1874年《上江两县志》、1908年《金陵杂志》定位,118.7757,32.0534,
逸仙桥,依据《1930年代南京市实测新图》定位,118.7986,32.0423,
竹格渡,动植物,118.7725,32.0332,
鼓楼医院,依据《1930年代南京市实测新图》定位,118.7778,32.0585,
小西湖,依据《陆师学堂新测金陵省全图》，补充1874年《上江两县志》、1908年《金陵杂志》定位,118.7827,32.017,
天主堂,依据《陆师学堂新测金陵省全图》，补充1874年《上江两县志》、1908年《金陵杂志》定位,118.7736,32.0427,
估衣廊,依据《陆师学堂新测金陵省全图》，补充1874年《上江两县志》、1908年《金陵杂志》定位,118.7823,32.0494,
李文忠墓,钟山北麓太平门外，蒋王庙西,118.8192,32.0829,
下江考棚,依据《陆师学堂新测金陵省全图》，补充1874年《上江两县志》、1908年《金陵杂志》定位,118.7788,32.0187,
石板桥,依据《陆师学堂新测金陵省全图》，补充1874年《上江两县志》、1908年《金陵杂志》定位,118.788,32.0224,
羊皮巷,依据《陆师学堂新测金陵省全图》，补充1874年《上江两县志》、1908年《金陵杂志》定位,118.7794,32.0391,
张公桥,依据《陆师学堂新测金陵省全图》，补充1874年《上江两县志》、1908年《金陵杂志》定位,118.7658,32.037,
大夫第,依据《陆师学堂新测金陵省全图》，补充1874年《上江两县志》、1908年《金陵杂志》定位,118.7825,32.019,
关帝庙,依据《陆师学堂新测金陵省全图》，补充1874年《上江两县志》、1908年《金陵杂志》定位,118.7423,32.1056,
饮马巷,依据《陆师学堂新测金陵省全图》，补充1874年《上江两县志》、1908年《金陵杂志》定位,118.7745,32.0162,
石鼓路,依据《1930年代南京市实测新图》定位,118.7697,32.0434,
老虎桥,依据《陆师学堂新测金陵省全图》，补充1874年《上江两县志》、1908年《金陵杂志》定位,118.7681,32.0255,
马府街,依据《陆师学堂新测金陵省全图》，补充1874年《上江两县志》、1908年《金陵杂志》定位,118.7876,32.0318,太平
船板巷,依据《陆师学堂新测金陵省全图》，补充1874年《上江两县志》、1908年《金陵杂志》定位,118.7731,32.023,
边营,依据《陆师学堂新测金陵省全图》，补充1874年《上江两县志》、1908年《金陵杂志》定位,118.7808,32.0131,
惜阴书院,依据《陆师学堂新测金陵省全图》，补充1874年《上江两县志》、1908年《金陵杂志》定位,118.7588,32.0475,
贡院西街,依据《陆师学堂新测金陵省全图》，补充1874年《上江两县志》、1908年《金陵杂志》定位,118.7841,32.0232,
铁心桥,雨花台区韩府山西麓,118.7565,31.9642,
东关头,依据《1930年代南京市实测新图》定位,118.7912,32.0245,
善司庙,依据《陆师学堂新测金陵省全图》，补充1874年《上江两县志》、1908年《金陵杂志》定位,118.7673,32.0224,
昭文斋,愿景,118.8679,31.8982,王安石
李府巷,依据《陆师学堂新测金陵省全图》，补充1874年《上江两县志》、1908年《金陵杂志》定位,118.7743,32.0255,
藩署,依据《陆师学堂新测金陵省全图》，补充1874年《上江两县志》、1908年《金陵杂志》定位,118.7798,32.0229,
中山北路,依据《1930年代南京市实测新图》定位,118.7446,32.0884,
淮海路,依据《1930年代南京市实测新图》定位,118.7805,32.0397,金陵刻经处
毗卢寺,依据《陆师学堂新测金陵省全图》，补充1874年《上江两县志》、1908年《金陵杂志》定位,118.7981,32.0457,
白板桥,景观描述,118.633,31.9086,
红花地,依据《陆师学堂新测金陵省全图》，补充1874年《上江两县志》、1908年《金陵杂志》定位,118.7897,32.0391,
杨公井,依据《陆师学堂新测金陵省全图》，补充1874年《上江两县志》、1908年《金陵杂志》定位,118.788,32.0377,太平
通江馆,交通,118.7635  ,32.0309,
中正路,依据《1930年代南京市实测新图》定位,118.7789,32.0376,
小门口,依据《陆师学堂新测金陵省全图》，补充1874年《上江两县志》、1908年《金陵杂志》定位,118.772,32.0172,
菱角市,依据《陆师学堂新测金陵省全图》，补充1874年《上江两县志》、1908年《金陵杂志》定位,118.7672,32.0279,
鸡鹅巷,依据《陆师学堂新测金陵省全图》，补充1874年《上江两县志》、1908年《金陵杂志》定位,118.7836,32.0514,
黄埔路,依据《1930年代南京市实测新图》定位,118.8057,32.0461,
木匠营,依据《陆师学堂新测金陵省全图》，补充1874年《上江两县志》、1908年《金陵杂志》定位,118.7853,32.0165,
三元巷,依据《陆师学堂新测金陵省全图》，补充1874年《上江两县志》、1908年《金陵杂志》定位,118.7787,32.0371,
鸽子桥,依据《陆师学堂新测金陵省全图》，补充1874年《上江两县志》、1908年《金陵杂志》定位,118.7772,32.0316,
大城山,南京城东,118.9811,31.9597,
丹凤街,依据《陆师学堂新测金陵省全图》，补充1874年《上江两县志》、1909年《金陵杂志》定位,118.7821,32.0571,
百子亭,依据《陆师学堂新测金陵省全图》，补充1874年《上江两县志》、1908年《金陵杂志》定位,118.7828,32.0669,
常遇春墓,玄武区太平门外紫金山北麓,118.8165,32.0637,太平
膺福街,依据《1930年代南京市实测新图》定位,118.779,32.0151,
延龄巷,依据《陆师学堂新测金陵省全图》，补充1874年《上江两县志》、1908年《金陵杂志》定位,118.7853,32.0388,金陵刻经处
凤凰街,依据《陆师学堂新测金陵省全图》，补充1874年《上江两县志》、1908年《金陵杂志》定位,118.7745,32.0244,
小心桥,依据《陆师学堂新测金陵省全图》，补充1874年《上江两县志》、1908年《金陵杂志》定位,118.7876,32.0152,
文昌巷,依据《陆师学堂新测金陵省全图》，补充1874年《上江两县志》、1908年《金陵杂志》定位,118.7893,32.0396,
南京金吾右卫,状元坊南,118.781,32.0281,
吉祥街,依据《陆师学堂新测金陵省全图》，补充1874年《上江两县志》、1908年《金陵杂志》定位,118.7706,32.0223,
安品街,依据《陆师学堂新测金陵省全图》，补充1874年《上江两县志》、1908年《金陵杂志》定位,118.7703,32.0305,
古物保存所,依据《1930年代南京市实测新图》定位,118.8124,32.0407,
堂子街,依据《1930年代南京市实测新图》定位,118.7649,32.0398,太平
小粉桥,依据《1930年代南京市实测新图》定位,118.7779,32.054,
二道埂,莫愁湖东路,118.7615,32.0347,
饮虹园,依据《陆师学堂新测金陵省全图》，补充1874年《上江两县志》、1908年《金陵杂志》定位,118.7861,32.0168,
仓桥,依据《陆师学堂新测金陵省全图》，补充1874年《上江两县志》、1908年《金陵杂志》定位,118.7699,32.0761,
宏觉寺,祖堂山上,118.7395,31.8869,
九龙桥,依据《陆师学堂新测金陵省全图》，补充1874年《上江两县志》、1908年《金陵杂志》定位,118.7945,32.0252,
五福街,依据《陆师学堂新测金陵省全图》，补充1874年《上江两县志》、1908年《金陵杂志》定位,118.7677,32.0246,
银作坊,依据《1930年代南京市实测新图》定位,118.777,32.0216,
长安桥,中华门外长干桥,118.7758,32.0129,
珠宝廊,依据《陆师学堂新测金陵省全图》，补充1874年《上江两县志》、1908年《金陵杂志》定位,118.7797,32.0312,
四牌楼,依据《陆师学堂新测金陵省全图》，补充1874年《上江两县志》、1908年《金陵杂志》定位,118.7885,32.0559,
瓦厂街,依据《1930年代南京市实测新图》定位,118.7635,32.0379,
临沂山,南京市东北,118.8813,32.164,
朱状元巷,依据《陆师学堂新测金陵省全图》，补充1874年《上江两县志》、1908年《金陵杂志》定位,118.7678,32.0326,朱之蕃
山西路,依据《1930年代南京市实测新图》定位,118.7658,32.0689,
王府里,依据《1930年代南京市实测新图》定位,118.7701,32.0192,
尊经书院,依据《陆师学堂新测金陵省全图》，补充1874年《上江两县志》、1905年《金陵杂志》定位,118.7876,32.0247,
黄泥岗,依据《陆师学堂新测金陵省全图》，补充1874年《上江两县志》、1908年《金陵杂志》定位,118.7802,32.0574,
居安里,依据《陆师学堂新测金陵省全图》，补充1874年《上江两县志》、1908年《金陵杂志》定位,118.784,32.0528,
卞公祠,依据《陆师学堂新测金陵省全图》，补充1874年《上江两县志》、1908年《金陵杂志》定位,118.769,32.0359,
复成仓,依据《陆师学堂新测金陵省全图》，补充1874年《上江两县志》、1908年《金陵杂志》定位,118.7952,32.0365,
陆家巷,依据《陆师学堂新测金陵省全图》，补充1874年《上江两县志》、1908年《金陵杂志》定位,118.7778,32.0396,
如意桥,依据《陆师学堂新测金陵省全图》，补充1874年《上江两县志》、1908年《金陵杂志》定位,118.7697,32.0218,
外五龙桥,依据《陆师学堂新测金陵省全图》，补充1874年《上江两县志》、1908年《金陵杂志》定位,118.8115,32.0348,
卫巷,依据《陆师学堂新测金陵省全图》，补充1874年《上江两县志》、1908年《金陵杂志》定位,118.7831,32.0236,
木料市,依据《陆师学堂新测金陵省全图》，补充1874年《上江两县志》、1908年《金陵杂志》定位,118.7762,32.0334,
邓愈墓,邓府山上,118.7658,32.0014,
秦状元巷,依据《陆师学堂新测金陵省全图》，补充1874年《上江两县志》、1908年《金陵杂志》定位,118.7778,32.0226,
姚家巷,依据《陆师学堂新测金陵省全图》，补充1874年《上江两县志》、1908年《金陵杂志》定位,118.7878,32.0252,
豆菜桥,依据《陆师学堂新测金陵省全图》，补充1874年《上江两县志》、1908年《金陵杂志》定位,118.7831,32.0154,
薛家巷,依据《陆师学堂新测金陵省全图》，补充1874年《上江两县志》、1908年《金陵杂志》定位,118.7797,32.0562,
药局,依据《陆师学堂新测金陵省全图》，补充1874年《上江两县志》、1908年《金陵杂志》定位,118.7465,32.0836,
韩家苑,依据《陆师学堂新测金陵省全图》，补充1874年《上江两县志》、1908年《金陵杂志》定位,118.7666,32.0323,
大油坊巷,依据《陆师学堂新测金陵省全图》，补充1874年《上江两县志》、1908年《金陵杂志》定位,118.7836,32.0168,
景定桥,人物姓氏,118.7768,32.0316,
豆腐巷,依据《陆师学堂新测金陵省全图》，补充1874年《上江两县志》、1908年《金陵杂志》定位,118.7661,32.0189,
双龙巷,依据《陆师学堂新测金陵省全图》，补充1874年《上江两县志》、1908年《金陵杂志》定位,118.7801,32.0591,
金银街,依据《陆师学堂新测金陵省全图》，补充1874年《上江两县志》、1908年《金陵杂志》定位,118.7682,32.0587,
萨家湾,依据《陆师学堂新测金陵省全图》，补充1874年《上江两县志》、1908年《金陵杂志》定位,118.7517,32.0867,
邓府巷,依据《陆师学堂新测金陵省全图》，补充1874年《上江两县志》、1908年《金陵杂志》定位,118.7842,32.0444,
大阳沟,依据《陆师学堂新测金陵省全图》，补充1874年《上江两县志》、1908年《金陵杂志》定位,118.8007,32.0279,
卞壶墓,朝天宫大成殿西，南京市博物馆内。,118.7686,32.0359,
火药局,依据《陆师学堂新测金陵省全图》，补充1874年《上江两县志》、1908年《金陵杂志》定位,118.746,32.0685,
四松庵,依据《陆师学堂新测金陵省全图》，补充1874年《上江两县志》、1908年《金陵杂志》定位,118.7584,32.0469,
大安德门,安德门,118.7571,31.9946,
韩家巷,依据《陆师学堂新测金陵省全图》，补充1874年《上江两县志》、1908年《金陵杂志》定位,118.7799,32.0508,
范家塘,依据《陆师学堂新测金陵省全图》，补充1874年《上江两县志》、1908年《金陵杂志》定位,118.7665,32.0336,
将军巷,依据《1930年代南京市实测新图》定位,118.7877,32.0525,
钟山寺,钟山,118.8707,32.0466,
沈举人巷,依据《陆师学堂新测金陵省全图》，补充1874年《上江两县志》、1908年《金陵杂志》定位,118.7757,32.0457,
福兴寺,江宁街道新铜社区石山村天竺山麓。,118.5568,31.7894,
宫后山,依据《陆师学堂新测金陵省全图》，补充1874年《上江两县志》、1908年《金陵杂志》定位,118.7713,32.0387,
江西会馆,依据《陆师学堂新测金陵省全图》，补充1874年《上江两县志》、1908年《金陵杂志》定位,118.7747,32.0291,
殷高巷,依据《陆师学堂新测金陵省全图》，补充1874年《上江两县志》、1908年《金陵杂志》定位,118.773,32.0198,
火瓦巷,依据《陆师学堂新测金陵省全图》，补充1874年《上江两县志》、1908年《金陵杂志》定位,118.7852,32.0358,
方孝孺墓,依据《陆师学堂新测金陵省全图》，补充1874年《上江两县志》、1908年《金陵杂志》定位,118.7784,32.0054,
仙鹤街,仙鹤街位于南京市秦淮区集庆路中段北侧，与升州路连接,118.7697,32.0241,
百步坡,依据《陆师学堂新测金陵省全图》，补充1874年《上江两县志》、1908年《金陵杂志》定位,118.767,32.052,
程阁老巷,依据《陆师学堂新测金陵省全图》，补充1874年《上江两县志》、1908年《金陵杂志》定位,118.7807,32.0365,
糖坊廊,依据《陆师学堂新测金陵省全图》，补充1874年《上江两县志》、1908年《金陵杂志》定位,118.7769,32.0158,
徐家巷,依据《陆师学堂新测金陵省全图》，补充1874年《上江两县志》、1908年《金陵杂志》定位,118.7708,32.0273,
昭忠祠,依据《陆师学堂新测金陵省全图》，补充1874年《上江两县志》、1908年《金陵杂志》定位,118.7848,32.058,
六度庵,依据《陆师学堂新测金陵省全图》，补充1874年《上江两县志》、1908年《金陵杂志》定位,118.77,32.0233,
忠孝亭,愿景,118.7692,32.0365,
制造局,依据《陆师学堂新测金陵省全图》，补充1874年《上江两县志》、1908年《金陵杂志》定位,118.7812,32.0104,江总
三茅宫,依据《陆师学堂新测金陵省全图》，补充1874年《上江两县志》、1908年《金陵杂志》定位,118.7726,32.0806,
秣陵镇,秣陵街道,118.8335,31.8367,
马家渡,人物姓氏,118.5255,31.794,
牙檀巷,依据《陆师学堂新测金陵省全图》，补充1874年《上江两县志》、1908年《金陵杂志》定位,118.7699,32.0318,
破布营,依据《陆师学堂新测金陵省全图》，补充1874年《上江两县志》、1908年《金陵杂志》定位,118.7784,32.0409,
东善桥,南京市江宁经济技术开发区南,118.7692,31.8709,
曾公祠,依据《陆师学堂新测金陵省全图》，补充1874年《上江两县志》、1908年《金陵杂志》定位,118.7713,32.0174,
上乘庵,依据《陆师学堂新测金陵省全图》，补充1874年《上江两县志》、1908年《金陵杂志》定位,118.7826,32.0458,
五条巷,依据《陆师学堂新测金陵省全图》，补充1874年《上江两县志》、1908年《金陵杂志》定位,118.8015,32.0465,
铁路桥,依据《陆师学堂新测金陵省全图》，补充1874年《上江两县志》、1908年《金陵杂志》定位,118.7354,32.0963,
黄瓜园,依据《陆师学堂新测金陵省全图》，补充1874年《上江两县志》、1908年《金陵杂志》定位,118.7466,32.0653,
同仁街,依据《1930年代南京市实测新图》定位,118.7806,32.053,
颜鲁公祠,鼓楼区广州路,118.7611,32.0489,
蒋帝庙,钟山西北,118.8251,32.0833,
孝子坊,依据《1930年代南京市实测新图》定位,118.7701,32.0186,
武侯祠,依据《陆师学堂新测金陵省全图》，补充1874年《上江两县志》、1908年《金陵杂志》定位,118.7606,32.0459,
天妃庙,狮子山下,118.7407,32.094,
楼子巷,依据《陆师学堂新测金陵省全图》，补充1874年《上江两县志》、1908年《金陵杂志》定位,118.7689,32.0736,
许家巷,依据《陆师学堂新测金陵省全图》，补充1874年《上江两县志》、1908年《金陵杂志》定位,118.7781,32.0219,
和会街,依据《陆师学堂新测金陵省全图》，补充1874年《上江两县志》、1908年《金陵杂志》定位,118.7588,32.0801,
谢公祠,依据《陆师学堂新测金陵省全图》，补充1874年《上江两县志》、1908年《金陵杂志》定位,118.7697,32.0176,
斛斗巷,依据《陆师学堂新测金陵省全图》，补充1874年《上江两县志》、1908年《金陵杂志》定位,118.7923,32.0307,
全福巷,依据《陆师学堂新测金陵省全图》，补充1874年《上江两县志》、1908年《金陵杂志》定位,118.7815,32.0232,
游府西街,依据《1930年代南京市实测新图》定位,118.7851,32.0404,
蛇山,依据《陆师学堂新测金陵省全图》，补充1874年《上江两县志》、1909年《金陵杂志》定位,118.7626,32.0474,
上坊门,上坊门,118.834,31.9848,
七瓮桥,依据《陆师学堂新测金陵省全图》，补充1874年《上江两县志》、1908年《金陵杂志》定位,118.8254,32.0097,
手帕巷,依据《陆师学堂新测金陵省全图》，补充1874年《上江两县志》、1908年《金陵杂志》定位,118.7882,32.0296,
妙相庵,依据《陆师学堂新测金陵省全图》，补充1874年《上江两县志》、1908年《金陵杂志》定位,118.7785,32.0569,
芦席营,依据《陆师学堂新测金陵省全图》，补充1874年《上江两县志》、1908年《金陵杂志》定位,118.7758,32.0812,
半边营,依据《陆师学堂新测金陵省全图》，补充1874年《上江两县志》、1908年《金陵杂志》定位,118.7841,32.0158,
大王府巷,依据《陆师学堂新测金陵省全图》，补充1874年《上江两县志》、1908年《金陵杂志》定位,118.7719,32.0356,
仓门口,依据《陆师学堂新测金陵省全图》，补充1874年《上江两县志》、1908年《金陵杂志》定位,118.7873,32.0145,
辉复巷,依据《陆师学堂新测金陵省全图》，补充1874年《上江两县志》、1908年《金陵杂志》定位,118.7718,32.0308,
眼香庙,依据《1930年代南京市实测新图》定位,118.759,32.0043,
大佛寺,依据《陆师学堂新测金陵省全图》，补充1874年《上江两县志》、1908年《金陵杂志》定位,118.7691,32.0668,
铜井镇,江宁街道铜井社区,118.5456,31.7888,
丁官营,秦淮区白鹭洲公园北，长白街南段东,118.791,32.0238,
悲巷,依据《1930年代南京市实测新图》定位,118.7966,32.0472,
道济桥,秦淮区朝天宫正南,118.768,32.032,
花市街,依据《陆师学堂新测金陵省全图》，补充1874年《上江两县志》、1908年《金陵杂志》定位,118.7786,32.0214,
通济桥,据《景定建康志》，今址暂不可考,118.7692,32.0344,
老江口,依据《陆师学堂新测金陵省全图》，补充1874年《上江两县志》、1908年《金陵杂志》定位,118.7365,32.1018,
金粟庵,秦淮区集庆门东侧,118.7658,32.0223,
大板巷,依据《陆师学堂新测金陵省全图》，补充1874年《上江两县志》、1908年《金陵杂志》定位,118.7757,32.0274,
丁山,景观描述,118.7476,32.079,
白龟池,牛首山附近,118.7377,31.9116,
安徽会馆,依据《陆师学堂新测金陵省全图》，补充1874年《上江两县志》、1908年《金陵杂志》定位,118.77,32.0315,
落星冈,落星村（暂定）,118.9861,32.1597,
鸣羊街,依据《陆师学堂新测金陵省全图》，补充1874年《上江两县志》、1908年《金陵杂志》定位,118.7694,32.0183,
西华门大街,依据《1930年代南京市实测新图》定位,118.7993,32.0397,
绣花巷,依据《陆师学堂新测金陵省全图》，补充1874年《上江两县志》、1908年《金陵杂志》定位,118.793,32.0332,
太平巷,依据《陆师学堂新测金陵省全图》，补充1874年《上江两县志》、1908年《金陵杂志》定位,118.7884,32.0344,
尸黎密寺,雨花台风景名胜区内,118.7759,32.0028,
南京中学,依据《1930年代南京市实测新图》定位,118.7891,32.0297,
六角井,依据《陆师学堂新测金陵省全图》，补充1874年《上江两县志》、1908年《金陵杂志》定位,118.7733,32.0155,
暨南学堂,依据《陆师学堂新测金陵省全图》，补充1874年《上江两县志》、1908年《金陵杂志》定位,118.7781,32.0566,
金陵女子大学,依据《1930年代南京市实测新图》定位,118.7643,32.056,吴贻芳
西康路,依据《1930年代南京市实测新图》定位,118.7592,32.064,
张家衙,依据《陆师学堂新测金陵省全图》，补充1874年《上江两县志》、1908年《金陵杂志》定位,118.7824,32.0141,
九儿巷,依据《陆师学堂新测金陵省全图》，补充1874年《上江两县志》、1908年《金陵杂志》定位,118.7753,32.0201,
广州路,依据《1930年代南京市实测新图》定位,118.7711,32.0525,
文津桥,依据《陆师学堂新测金陵省全图》，补充1874年《上江两县志》、1908年《金陵杂志》定位,118.7684,32.0354,
古钵营,依据《陆师学堂新测金陵省全图》，补充1874年《上江两县志》、1908年《金陵杂志》定位,118.7771,32.0297,
三步两桥,依据《陆师学堂新测金陵省全图》，补充1874年《上江两县志》、1908年《金陵杂志》定位,118.7586,32.074,
藏金桥,依据《陆师学堂新测金陵省全图》，补充1874年《上江两县志》、1908年《金陵杂志》定位,118.7821,32.0152,
白酒坊,依据《陆师学堂新测金陵省全图》，补充1874年《上江两县志》、1908年《金陵杂志》定位,118.7787,32.018,
老菜市,依据《陆师学堂新测金陵省全图》，补充1874年《上江两县志》、1908年《金陵杂志》定位,118.7638,32.0662,
祠堂巷,依据《陆师学堂新测金陵省全图》，补充1874年《上江两县志》、1908年《金陵杂志》定位,118.7859,32.0428,
武定门,依据《陆师学堂新测金陵省全图》，补充1874年《上江两县志》、1908年《金陵杂志》定位,118.7904,32.0165,太平
天泉池,鸡笼山南古台城内,118.7907,32.0645,
遯园,凤凰台附近,118.7753,32.0706,
上元节孝祠,依据《陆师学堂新测金陵省全图》，补充1874年《上江两县志》、1908年《金陵杂志》定位,118.7608,32.0464,
铜井巷,依据《陆师学堂新测金陵省全图》，补充1874年《上江两县志》、1908年《金陵杂志》定位,118.7883,32.0425,
泥马巷,依据《陆师学堂新测金陵省全图》，补充1874年《上江两县志》、1908年《金陵杂志》定位,118.7758,32.0309,
清水亭,南京市清水亭,118.8152,31.9187,
登隆巷,依据《陆师学堂新测金陵省全图》，补充1874年《上江两县志》、1908年《金陵杂志》定位,118.7692,32.0302,
党家巷,依据《陆师学堂新测金陵省全图》，补充1874年《上江两县志》、1908年《金陵杂志》定位,118.781,32.021,
永宁街,依据《陆师学堂新测金陵省全图》，补充1874年《上江两县志》、1908年《金陵杂志》定位,118.7365,32.0924,
杜城山,溧水乌王山,119.0309,31.6077,
清凉古道,依据《陆师学堂新测金陵省全图》，补充1874年《上江两县志》、1908年《金陵杂志》定位,118.7579,32.0793,
趾洲,依据《陆师学堂新测金陵省全图》，补充1874年《上江两县志》、1908年《金陵杂志》定位,118.7958,32.0784,
南京都察院,刑部西,118.8577,31.7738,
糯米巷,依据《陆师学堂新测金陵省全图》，补充1874年《上江两县志》、1908年《金陵杂志》定位,118.7707,32.0294,
马台街,依据《1930年代南京市实测新图》定位,118.7691,32.0735,
迎担湖,下关小桃园附近,118.741,32.0806,
斗鸡闸,依据《陆师学堂新测金陵省全图》，补充1874年《上江两县志》、1908年《金陵杂志》定位,118.7708,32.0219,
养虎巷,养虎巷,118.7831,32.009,
沐英墓,将军山上,118.771,31.925,
鲜鱼巷,依据《陆师学堂新测金陵省全图》，补充1874年《上江两县志》、1908年《金陵杂志》定位,118.7367,32.0946,
木屐巷,依据《陆师学堂新测金陵省全图》，补充1874年《上江两县志》、1908年《金陵杂志》定位,118.7676,32.0321,
归云堂,依据《陆师学堂新测金陵省全图》，补充1874年《上江两县志》、1908年《金陵杂志》定位,118.7437,32.0819,
小板巷,依据《陆师学堂新测金陵省全图》，补充1874年《上江两县志》、1908年《金陵杂志》定位,118.7751,32.0354,
禄口镇,江宁县南禄口镇。,118.8576,31.7733,
聚宝桥,秦淮区中华门外,118.7747,32.0121,
大仓园,依据《陆师学堂新测金陵省全图》，补充1874年《上江两县志》、1908年《金陵杂志》定位,118.7886,32.0481,
吉兆营,依据《陆师学堂新测金陵省全图》，补充1874年《上江两县志》、1908年《金陵杂志》定位,118.7805,32.0535,
宝塔山,依据《1930年代南京市实测新图》定位,118.7777,32.0118,
内桥湾,依据《陆师学堂新测金陵省全图》，补充1874年《上江两县志》、1908年《金陵杂志》定位,118.7807,32.0302,
红庙,依据《陆师学堂新测金陵省全图》，补充1874年《上江两县志》、1908年《金陵杂志》定位,118.7597,32.0871,
龙膊子,依据《陆师学堂新测金陵省全图》，补充1874年《上江两县志》、1908年《金陵杂志》定位,118.8234,32.0663,
龙泉庵,龙尚社区南半面山下,118.9719,32.0056,
下码头,依据《陆师学堂新测金陵省全图》，补充1874年《上江两县志》、1908年《金陵杂志》定位,118.7761,32.0132,
惠民桥,依据《陆师学堂新测金陵省全图》，补充1874年《上江两县志》、1908年《金陵杂志》定位,118.7355,32.0941,
老洲,依据《陆师学堂新测金陵省全图》，补充1874年《上江两县志》、1908年《金陵杂志》定位,118.79,32.0786,
石婆婆巷,依据《陆师学堂新测金陵省全图》，补充1874年《上江两县志》、1908年《金陵杂志》定位,118.7837,32.0585,
八条巷,依据《陆师学堂新测金陵省全图》，补充1874年《上江两县志》、1908年《金陵杂志》定位,118.7805,32.0344,
针巷,针巷（暂定）,118.7847,32.0259,
桃叶山,浦口宝塔山,118.4064,32.0517,王广
杨将军巷,依据《陆师学堂新测金陵省全图》，补充1874年《上江两县志》、1908年《金陵杂志》定位,118.7877,32.0491,
水西门外大街,依据《1930年代南京市实测新图》定位,118.7596,32.0332,
大辉复巷,南起安品街，北至今小常巷,118.7713,32.0308,
双塘巷,依据《陆师学堂新测金陵省全图》，补充1874年《上江两县志》、1908年《金陵杂志》定位,118.7857,32.0402,
厚载门,依据《陆师学堂新测金陵省全图》，补充1874年《上江两县志》、1908年《金陵杂志》定位,118.8134,32.0487,
斗场寺,南京市秦淮区中华门外,118.775,32.0143,
大彩霞街,南京市秦淮区,118.7731,32.0258,
玉兔泉,夫子庙大成殿后,118.7834,32.0225,
古林寺,依据《陆师学堂新测金陵省全图》，补充1874年《上江两县志》、1909年《金陵杂志》定位,118.7485,32.0696,
半边桥,依据《陆师学堂新测金陵省全图》，补充1874年《上江两县志》、1908年《金陵杂志》定位,118.7967,32.0329,
申家巷,依据《陆师学堂新测金陵省全图》，补充1874年《上江两县志》、1908年《金陵杂志》定位,118.7935,32.0344,
飞来剪,依据《陆师学堂新测金陵省全图》，补充1874年《上江两县志》、1908年《金陵杂志》定位,118.7719,32.0407,
南京吏部,明故宫内,118.8119,32.0283,
白土冈,钟山西北,118.6059,32.5298,
泰仓巷,斗门桥东北,118.7723,32.0285,
月牙巷,依据《陆师学堂新测金陵省全图》，补充1874年《上江两县志》、1908年《金陵杂志》定位,118.7689,32.0319,
秣陵浦,江宁区秣陵街道,118.8335,31.8367,
小丰富巷,依据《陆师学堂新测金陵省全图》，补充1874年《上江两县志》、1908年《金陵杂志》定位,118.7764,32.0417,
马家街,依据《陆师学堂新测金陵省全图》，补充1874年《上江两县志》、1908年《金陵杂志》定位,118.7768,32.0759,
土桥镇,土桥镇,119.0572,31.9361,
大王庙,依据《陆师学堂新测金陵省全图》，补充1874年《上江两县志》、1908年《金陵杂志》定位,118.7373,32.102,
信府苑,依据《陆师学堂新测金陵省全图》，补充1874年《上江两县志》、1908年《金陵杂志》定位,118.7783,32.0161,
复兴巷,依据《陆师学堂新测金陵省全图》，补充1874年《上江两县志》、1908年《金陵杂志》定位,118.792,32.0302,
新庄,依据《1930年代南京市实测新图》定位,118.8033,32.0782,
文德里,依据《陆师学堂新测金陵省全图》，补充1874年《上江两县志》、1908年《金陵杂志》定位,118.7924,32.052,
龙江桥,依据《陆师学堂新测金陵省全图》，补充1874年《上江两县志》、1908年《金陵杂志》定位,118.7355,32.0982,
太平堤,玄武湖太平门外,118.8071,32.0602,
双井巷,依据《陆师学堂新测金陵省全图》，补充1874年《上江两县志》、1908年《金陵杂志》定位,118.7875,32.0543,
肚带营,依据《陆师学堂新测金陵省全图》，补充1874年《上江两县志》、1908年《金陵杂志》定位,118.7853,32.0468,
八角井,依据《陆师学堂新测金陵省全图》，补充1874年《上江两县志》、1905年《金陵杂志》定位,118.775,32.015,
鞍辔坊,依据《陆师学堂新测金陵省全图》，补充1874年《上江两县志》、1908年《金陵杂志》定位,118.7767,32.0188,
落星楼,落星山上,118.9861,32.1597,
随家仓,依据《陆师学堂新测金陵省全图》，补充1874年《上江两县志》、1908年《金陵杂志》定位,118.7626,32.0513,
南台巷,依据《陆师学堂新测金陵省全图》，补充1874年《上江两县志》、1908年《金陵杂志》定位,118.7754,32.0386,
商埠局,依据《陆师学堂新测金陵省全图》，补充1874年《上江两县志》、1908年《金陵杂志》定位,118.7348,32.0986,
牌楼巷,依据《陆师学堂新测金陵省全图》，补充1874年《上江两县志》、1908年《金陵杂志》定位,118.7665,32.0447,
平江府街,依据《1930年代南京市实测新图》定位,118.7862,32.0246,
莲萼洲,依据《陆师学堂新测金陵省全图》，补充1874年《上江两县志》、1908年《金陵杂志》定位,118.7904,32.0732,
竹竿里,依据《陆师学堂新测金陵省全图》，补充1874年《上江两县志》、1908年《金陵杂志》定位,118.776,32.0317,
八蜡庙,依据《陆师学堂新测金陵省全图》，补充1874年《上江两县志》、1908年《金陵杂志》定位,118.7932,32.0296,
文昌桥,依据《陆师学堂新测金陵省全图》，补充1874年《上江两县志》、1908年《金陵杂志》定位,118.7916,32.056,
金銮巷,依据《1930年代南京市实测新图》定位,118.78,32.0377,
李家巷,依据《1930年代南京市实测新图》定位,118.7808,32.0371,
湖南路,依据《1930年代南京市实测新图》定位,118.7742,32.0711,
兴皇寺,江宁区,118.8375,31.922,
灵味寺,依据《陆师学堂新测金陵省全图》，补充1874年《上江两县志》、1908年《金陵杂志》定位,118.7297,32.0699,
二水亭,莫愁湖一带,118.7587,32.0346,
太平门街,依据《陆师学堂新测金陵省全图》，补充1874年《上江两县志》、1908年《金陵杂志》定位,118.8035,32.0538,
中山桥,依据《1930年代南京市实测新图》定位,118.7349,32.0888,
来宾桥,中华门街道西街社区,118.7745,32.0102,
马家桥,依据《1930年代南京市实测新图》定位,118.805,31.9952,
邓府山,依据《1930年代南京市实测新图》定位,118.7624,31.9958,
童子巷,依据《陆师学堂新测金陵省全图》，补充1874年《上江两县志》、1908年《金陵杂志》定位,118.7747,32.0239,
交通银行,依据《陆师学堂新测金陵省全图》，补充1874年《上江两县志》、1908年《金陵杂志》定位,118.7347,32.0953,
太后寺,冶城寺附近,118.7636,32.0334,
雨花路,依据《1930年代南京市实测新图》定位,118.7753,32.01,
化龙亭,鼓楼区幕府山上,118.7834,32.1173,
郭府园,依据《陆师学堂新测金陵省全图》，补充1874年《上江两县志》、1908年《金陵杂志》定位,118.7758,32.0345,
康乐坊,愿景,118.8218  ,32.0405,
康茂才墓,和平门外安怀村南京陶瓷厂附近,118.7848,32.0995,
热河路,依据《1930年代南京市实测新图》定位,118.7375,32.0946,
白虎桥,依据《陆师学堂新测金陵省全图》，补充1874年《上江两县志》、1908年《金陵杂志》定位,118.807,32.0341,
莲子营,依据《陆师学堂新测金陵省全图》，补充1874年《上江两县志》、1908年《金陵杂志》定位,118.7891,32.0191,
金陵坊,秦淮区许苑小区一带,118.7772,32.0217,
升州路,依据《1930年代南京市实测新图》定位,118.7749,32.0266,
葛桥,方山东南,118.8397,32.2507,
瓜埠山,六合国家地质公园瓜埠山景区,118.8896,32.2514,
万福寺,依据《1930年代南京市实测新图》定位,118.7646,32.0897,
莫愁路,依据《1930年代南京市实测新图》定位,118.769,32.0377,
宋武帝陵,麒麟门外麒麟铺,118.9143,32.0598,
张昭宅,秦淮河南，与瓦官寺相对,118.7664,32.0127,
浡泥国王墓,乌龟山南麓,118.7539,31.9785,
灵岩山,六合灵岩山,118.8823,32.3095,
凤凰井,依据《陆师学堂新测金陵省全图》，补充1874年《上江两县志》、1908年《金陵杂志》定位,118.7752,32.0255,
涧子桥,中华门外窑湾街一带,118.7733,32.0128,
秣陵路,依据《1930年代南京市实测新图》定位,118.7727,32.039,
公园路,依据《1930年代南京市实测新图》定位,118.7966,32.0309,
平仓巷,依据《1930年代南京市实测新图》定位,118.7729,32.0568,
金陵神学院,依据《1930年代南京市实测新图》定位,118.7701,32.0439,
宝塔桥,依据《陆师学堂新测金陵省全图》，补充1874年《上江两县志》、1908年《金陵杂志》定位,118.7365,32.1016,
天竺山,江宁区西南,118.7617,32.0629,
徐铉宅,栖霞镇西,118.942,32.1482,
竹竿巷,依据《陆师学堂新测金陵省全图》，补充1874年《上江两县志》、1908年《金陵杂志》定位,118.7767,32.0326,
下关车站,依据《1930年代南京市实测新图》定位,118.7376,32.0974,
李白酒楼,水西门西,118.7541,32.035,
老虎山,依据《陆师学堂新测金陵省全图》，补充1874年《上江两县志》、1908年《金陵杂志》定位,118.7663,32.1102,
中山王徐达墓,依据《陆师学堂新测金陵省全图》，补充1874年《上江两县志》、1908年《金陵杂志》定位,118.8203,32.078,
华侨路,依据《1930年代南京市实测新图》定位,118.7755,32.0484,
谢公亭,江宁区土山路东山公园,118.8339,31.9567,
傅厚岗,依据《1930年代南京市实测新图》定位,118.7777,32.0669,徐悲鸿
沪宁铁路,依据《陆师学堂新测金陵省全图》，补充1874年《上江两县志》、1908年《金陵杂志》定位,118.7442,32.101,
鹭洲坊,秦淮区南京院子一带北侧,118.7742,32.0261,
护身寺,古御街东,118.784,32.0342,
江苏路,依据《1930年代南京市实测新图》定位,118.7635,32.0632,
游子山,高淳游子山,119.0053,31.3492,
湖神庙,依据《陆师学堂新测金陵省全图》，补充1874年《上江两县志》、1908年《金陵杂志》定位,118.7891,32.0796,
桂林苑,南京市东北,118.9837,32.1454,
三岔河,依据《陆师学堂新测金陵省全图》，补充1874年《上江两县志》、1908年《金陵杂志》定位,118.7309,32.0753,
国子监巷,中华路东,118.7781,32.0172,
花露岗,依据《1930年代南京市实测新图》定位,118.7679,32.0196,
科学社,依据《1930年代南京市实测新图》定位,118.7929,32.052,秉志、胡刚复、胡先骑
净觉寺,依据《陆师学堂新测金陵省全图》，补充1874年《上江两县志》、1908年《金陵杂志》定位,118.7777,32.0259,
朱雀路,依据《1930年代南京市实测新图》定位,118.784,32.0263,太平
竹格渚航,竹竿里附近,118.7728,32.0224,
固城湖,南京市高淳区和安徽省宣城市宣州区交界,118.8748,31.3177,
焚衣街,中华路,118.7784,32.0215,
宁夏路,依据《1930年代南京市实测新图》定位,118.7609,32.0687,
惠民河,依据《1930年代南京市实测新图》定位,118.7354,32.0974,
陶谷新村,依据《1930年代南京市实测新图》定位,118.7697,32.0563,
湖北路,依据《1930年代南京市实测新图》定位,118.7763,32.0608,
无想山,南京市溧水区中部,119.0407,31.6129,
南京光禄寺,皇城东安门内,118.8167,32.0481,
南京鸿胪寺,明故宫长安右门外街南,118.8078,32.0331,
小东山,东山,118.8337,31.957,
轮渡码头,依据《1930年代南京市实测新图》定位,118.7367,32.1043,
绣球山,依据《1930年代南京市实测新图》定位,118.7413,32.0918,
球山,依据《陆师学堂新测金陵省全图》，补充1874年《上江两县志》、1908年《金陵杂志》定位,118.7931,32.0943,
北平路,依据《1930年代南京市实测新图》定位,118.7622,32.0619,
鸭子塘,依据《1930年代南京市实测新图》定位,118.7827,32.0169,
爱景山,溧水爱景山,119.0399,31.7456,
高家酒馆,鼓楼区中山路西,118.7775,32.0481,
高岗里,依据《1930年代南京市实测新图》定位,118.7703,32.0165,
将军署,依据《陆师学堂新测金陵省全图》，补充1874年《上江两县志》、1908年《金陵杂志》定位,118.8058,32.0402,杨秀清
祖师庵,依据《1930年代南京市实测新图》定位,118.7666,32.0708,
花家巷,依据《陆师学堂新测金陵省全图》，补充1874年《上江两县志》、1908年《金陵杂志》定位,118.7767,32.0502,
靖安河,南京市北,119.1223,32.2205,
滁河,自六合区龙袍街道入长江,118.6649,32.2851,
施家巷,依据《陆师学堂新测金陵省全图》，补充1874年《上江两县志》、1908年《金陵杂志》定位,118.7686,32.0271,
城湾街,依据《1930年代南京市实测新图》定位,118.762,32.0444,
铜坊苑,秦淮区双塘路,118.7728,32.025,
金陵女子神学院,依据《1930年代南京市实测新图》定位,118.7726,32.0468,
水关桥,依据《陆师学堂新测金陵省全图》，补充1874年《上江两县志》、1908年《金陵杂志》定位,118.7534,32.1002,
打钉巷,依据《陆师学堂新测金陵省全图》，补充1874年《上江两县志》、1908年《金陵杂志》定位,118.7744,32.0311,
琅琊路,依据《1930年代南京市实测新图》定位,118.7611,32.064,
宋文帝陵,栖霞区狮子冲,118.9279,32.138,
龙门街,依据《1930年代南京市实测新图》定位,118.7854,32.0233,
警署,依据《陆师学堂新测金陵省全图》，补充1874年《上江两县志》、1908年《金陵杂志》定位,118.7749,32.0232,
五福巷,秦淮区白下路北,118.7912,32.0305,
跑马巷,依据《陆师学堂新测金陵省全图》，补充1874年《上江两县志》、1908年《金陵杂志》定位,118.7782,32.0324,
解放路,依据《1930年代南京市实测新图》定位,118.7763,32.0917,
东钓鱼巷,依据《1930年代南京市实测新图》定位,118.7922,32.026,
吴祯墓,太平门外岗子村,118.8114,32.0664,
绒庄街,秦淮区中山南路桥西南,118.7764,32.0304,
一条巷,依据《1930年代南京市实测新图》定位,118.7954,32.0386,
八宝前街,依据《1930年代南京市实测新图》定位,118.7977,32.0291,
汇文女子中学,依据《1930年代南京市实测新图》定位,118.78,32.0509,
新民门,依据《1930年代南京市实测新图》定位,118.7483,32.0919,太平
回龙街,秦淮区,118.7657,32.0294,
安徽公学,依据《1930年代南京市实测新图》定位,118.7884,32.0309,
南伞巷,依据《陆师学堂新测金陵省全图》，补充1874年《上江两县志》、1908年《金陵杂志》定位,118.7616,32.0312,
商埠街,依据《1930年代南京市实测新图》定位,118.7349,32.0931,
尚书巷,秦淮区大光路西段北侧,118.8013,32.0285,倪岳
甘露巷,依据《陆师学堂新测金陵省全图》，补充1874年《上江两县志》、1908年《金陵杂志》定位,118.774,32.0173,
英威街,依据《1930年代南京市实测新图》定位,118.7949,32.0422,
小北门,依据《陆师学堂新测金陵省全图》，补充1874年《上江两县志》、1908年《金陵杂志》定位,118.7656,32.0904,
北伞巷,依据《1930年代南京市实测新图》定位,118.7618,32.0338,
李家苑,依据《1930年代南京市实测新图》定位,118.7811,32.0268,
盐仓桥,依据《1930年代南京市实测新图》定位,118.7462,32.0897,
璇子巷,依据《1930年代南京市实测新图》定位,118.7764,32.0184,
水师学堂,依据《陆师学堂新测金陵省全图》，补充1874年《上江两县志》、1908年《金陵杂志》定位,118.7459,32.0894,鲁迅
来凤街,依据《陆师学堂新测金陵省全图》，补充1874年《上江两县志》、1908年《金陵杂志》定位,118.7655,32.0229,
天妃巷,依据《1930年代南京市实测新图》定位,118.7708,32.0415,
牌坊街,依据《1930年代南京市实测新图》定位,118.7599,32.0344,
牯岭路,依据《1930年代南京市实测新图》定位,118.762,32.0655,
上江考棚,依据《陆师学堂新测金陵省全图》，补充1874年《上江两县志》、1908年《金陵杂志》定位,118.788,32.0309,
慧园街,依据《陆师学堂新测金陵省全图》，补充1874年《上江两县志》、1908年《金陵杂志》定位,118.7826,32.0272,
贵人坊,依据《陆师学堂新测金陵省全图》，补充1874年《上江两县志》、1908年《金陵杂志》定位,118.7776,32.0143,
讲堂街,依据《陆师学堂新测金陵省全图》，补充1874年《上江两县志》、1908年《金陵杂志》定位,118.7727,32.0273,
古巷,依据《陆师学堂新测金陵省全图》，补充1874年《上江两县志》、1909年《金陵杂志》定位,118.769,32.0377,
运粮河,依据《陆师学堂新测金陵省全图》，补充1874年《上江两县志》、1908年《金陵杂志》定位,118.7517,32.0956,
松涛巷,依据《陆师学堂新测金陵省全图》，补充1874年《上江两县志》、1908年《金陵杂志》定位,118.7868,32.0386,
干长巷,依据《1930年代南京市实测新图》定位,118.7787,32.0131,
震旦大学,依据《1930年代南京市实测新图》定位,118.7877,32.0449,
堆草巷,依据《1930年代南京市实测新图》定位,118.781,32.0167,
黄土山,依据《陆师学堂新测金陵省全图》，补充1874年《上江两县志》、1908年《金陵杂志》定位,118.7652,32.0965,
粮道署,依据《陆师学堂新测金陵省全图》，补充1874年《上江两县志》、1908年《金陵杂志》定位,118.7813,32.0225,
裱画廊,依据《陆师学堂新测金陵省全图》，补充1874年《上江两县志》、1908年《金陵杂志》定位,118.7803,32.0249,
宋明宣沈太后陵,宝林寺西南,118.8062,32.146,
宣明太子坟,明孝陵景区梅花山内,118.8331,32.0529,
佛国寺,依据《1930年代南京市实测新图》定位,118.8141,32.0749,
油市大街,依据《陆师学堂新测金陵省全图》，补充1874年《上江两县志》、1908年《金陵杂志》定位,118.7687,32.0295,
大隍城巷,依据《1930年代南京市实测新图》定位,118.7918,32.0438,
湖南会馆,依据《陆师学堂新测金陵省全图》，补充1874年《上江两县志》、1908年《金陵杂志》定位,118.7605,32.0186,
东炮台,依据《陆师学堂新测金陵省全图》，补充1874年《上江两县志》、1908年《金陵杂志》定位,118.7387,32.1046,
板桥市,南京城西,118.6665,31.9374,
南京锦衣卫,通政使司南,118.9877,31.3882,
江东驿,依据《陆师学堂新测金陵省全图》，补充1874年《上江两县志》、1908年《金陵杂志》定位,118.7384,32.0399,
大纱帽巷,依据《1930年代南京市实测新图》定位,118.7882,32.0517,
崇胜坊,秦淮区饮马巷一带,118.7727,32.0156,
龙池庵,依据《1930年代南京市实测新图》定位,118.745,32.0865,
八宝街,依据《陆师学堂新测金陵省全图》，补充1874年《上江两县志》、1908年《金陵杂志》定位,118.8038,32.032,
绒庄巷,依据《1930年代南京市实测新图》定位,118.7765,32.0304,
冶山道院,依据《陆师学堂新测金陵省全图》，补充1874年《上江两县志》、1908年《金陵杂志》定位,118.7721,32.0374,
凤台坊,秦淮区南京院子一带南侧,118.7737,32.0221,
黄泥山,依据《1930年代南京市实测新图》定位,118.7425,32.0907,
蓝旗街,蓝旗街,118.8154,32.0278,
师范传习所,依据《陆师学堂新测金陵省全图》，补充1874年《上江两县志》、1907年《金陵杂志》定位,118.7846,32.024,
西箭道,依据《1930年代南京市实测新图》定位,118.7906,32.0461,
天堂村,依据《1930年代南京市实测新图》定位,118.8245,32.0199,
塘坊桥,依据《1930年代南京市实测新图》定位,118.7799,32.0458,
试院路,依据《1930年代南京市实测新图》定位,118.7909,32.0603,
建业路,依据《1930年代南京市实测新图》定位,118.7742,32.0332,
佳丽亭,其他,118.7654,32.0307,
醋库,举子巷（暂定）,118.7751,32.0451,
太平庵,依据《陆师学堂新测金陵省全图》，补充1874年《上江两县志》、1908年《金陵杂志》定位,118.8071,32.0584,
如意里,依据《陆师学堂新测金陵省全图》，补充1874年《上江两县志》、1908年《金陵杂志》定位,118.7879,32.0498,
花露冈,依据《陆师学堂新测金陵省全图》，补充1874年《上江两县志》、1908年《金陵杂志》定位,118.768,32.0192,
太监郑和墓,牛首山南麓,118.7392,31.9054,
念佛堂,依据《1930年代南京市实测新图》定位,118.7688,32.0962,
白马山,依据《陆师学堂新测金陵省全图》，补充1874年《上江两县志》、1908年《金陵杂志》定位,118.8128,32.067,
米行大街,雨花路,118.774,32.0068,
常巷,依据《陆师学堂新测金陵省全图》，补充1874年《上江两县志》、1908年《金陵杂志》定位,118.7711,32.031,
武定坊,秦淮区新民坊路附近,118.7797,32.0134,
九层坡,依据《陆师学堂新测金陵省全图》，补充1874年《上江两县志》、1908年《金陵杂志》定位,118.7684,32.0203,
猫鱼市,依据《1930年代南京市实测新图》定位,118.7669,32.0242,
芙蓉山,依据《陆师学堂新测金陵省全图》，补充1874年《上江两县志》、1908年《金陵杂志》定位,118.7564,32.0024,
朝天宫西街,依据《1930年代南京市实测新图》定位,118.7675,32.0374,
甘雨巷,依据《陆师学堂新测金陵省全图》，补充1874年《上江两县志》、1908年《金陵杂志》定位,118.7719,32.0283,
大沙井,依据《陆师学堂新测金陵省全图》，补充1874年《上江两县志》、1908年《金陵杂志》定位,118.766,32.0174,
高家巷,依据《陆师学堂新测金陵省全图》，补充1874年《上江两县志》、1908年《金陵杂志》定位,118.7768,32.0232,
长乐坊,秦淮区第一医院一带,118.7789,32.0189,
小彩霞街,依据《陆师学堂新测金陵省全图》，补充1874年《上江两县志》、1908年《金陵杂志》定位,118.7728,32.0262,
万寿庵,依据《1930年代南京市实测新图》定位,118.7507,32.0355,
建业坊,秦淮区中医医院一带,118.777,32.0176,
江宁府署,依据《陆师学堂新测金陵省全图》，补充1874年《上江两县志》、1908年《金陵杂志》定位,118.7795,32.029,
天青街,依据《陆师学堂新测金陵省全图》，补充1874年《上江两县志》、1908年《金陵杂志》定位,118.7755,32.0235,
警官学校,依据《1930年代南京市实测新图》定位,118.7795,32.0381,
女子法政讲习所,依据《陆师学堂新测金陵省全图》，补充1874年《上江两县志》、1908年《金陵杂志》定位,118.7868,32.0486,
唱经楼西街,依据《1930年代南京市实测新图》定位,118.7815,32.0553,
阁漏街,依据《陆师学堂新测金陵省全图》，补充1874年《上江两县志》、1908年《金陵杂志》定位,118.7688,32.0195,
砂朱巷,南京市秦淮区府西街,118.7784,32.0276,
大膺福街,秦淮区中华门东北，北起马道街，南至中华门城堡东墙,118.7791,32.0153,
绥远路,依据《1930年代南京市实测新图》定位,118.7395,32.0934,
徐忠墓,天隆寺西南王家牌坊处,118.7511,31.9776,
韩桥,南京化工厂附近,118.8244,32.1431,
石城坊,秦淮区大洋百货一带,118.7778,32.0406,
禅灵渚渡,延兴寺北路东,118.7733,32.0229,
瓦匠巷,依据《陆师学堂新测金陵省全图》，补充1874年《上江两县志》、1908年《金陵杂志》定位,118.7846,32.0198,
细柳坊,秦淮区复兴巷一带,118.7925,32.0314,
小油坊巷,依据《陆师学堂新测金陵省全图》，补充1874年《上江两县志》、1908年《金陵杂志》定位,118.7818,32.0182,
曹都巷,依据《陆师学堂新测金陵省全图》，补充1874年《上江两县志》、1908年《金陵杂志》定位,118.776,32.0361,
吴平忠侯墓,栖霞区栖霞大道南,118.9032,32.1348,
牵牛巷,依据《陆师学堂新测金陵省全图》，补充1874年《上江两县志》、1908年《金陵杂志》定位,118.7768,32.0201,
军械所,依据《陆师学堂新测金陵省全图》，补充1874年《上江两县志》、1908年《金陵杂志》定位,118.766,32.0395,
教敷营,依据《陆师学堂新测金陵省全图》，补充1874年《上江两县志》、1908年《金陵杂志》定位,118.7813,32.0239,
丹阳后航,东水关一带,118.7917,32.0246,
峨眉岭,依据《陆师学堂新测金陵省全图》，补充1874年《上江两县志》、1908年《金陵杂志》定位,118.7684,32.0486,
磊功巷,依据《陆师学堂新测金陵省全图》，补充1874年《上江两县志》、1908年《金陵杂志》定位,118.7844,32.0174,
双女坟,高淳区固城镇,118.9647,31.3123,
大天界寺,雨花台区雨花西路能仁里,118.7658,32.0032,
四圣堂,依据《陆师学堂新测金陵省全图》，补充1874年《上江两县志》、1908年《金陵杂志》定位,118.7763,32.0219,
银台闸,下水关,118.7659,32.0312,
老虎洞,依据《陆师学堂新测金陵省全图》，补充1874年《上江两县志》、1908年《金陵杂志》定位,118.7408,32.0752,
蛇盘市,蛇盘社区,118.8999,32.0481,
仁厚里,依据《陆师学堂新测金陵省全图》，补充1874年《上江两县志》、1908年《金陵杂志》定位,118.7854,32.0121,
笃义里,依据《陆师学堂新测金陵省全图》，补充1874年《上江两县志》、1908年《金陵杂志》定位,118.7588,32.062,
打靶场,依据《陆师学堂新测金陵省全图》，补充1874年《上江两县志》、1908年《金陵杂志》定位,118.797,32.0619,
仁孝里,依据《陆师学堂新测金陵省全图》，补充1874年《上江两县志》、1908年《金陵杂志》定位,118.7947,32.0406,
扬州路,依据《1930年代南京市实测新图》定位,118.7605,32.0602,
南京翰林院,宗人府后,118.816,32.0302,
平章巷,依据《陆师学堂新测金陵省全图》，补充1874年《上江两县志》、1908年《金陵杂志》定位,118.7753,32.0293,
慧月居,依据《陆师学堂新测金陵省全图》，补充1874年《上江两县志》、1908年《金陵杂志》定位,118.7665,32.0163,
南唐北苑,政治军事,118.7903,32.075,
皇册库,依据《陆师学堂新测金陵省全图》，补充1874年《上江两县志》、1908年《金陵杂志》定位,118.7726,32.0237,
金陵冈,城市与建筑,118.787,32.0328,
洪公祠,依据《陆师学堂新测金陵省全图》，补充1874年《上江两县志》、1908年《金陵杂志》定位,118.777,32.0375,
虎贲仓,依据《陆师学堂新测金陵省全图》，补充1874年《上江两县志》、1908年《金陵杂志》定位,118.7683,32.0445,
银元局,依据《陆师学堂新测金陵省全图》，补充1874年《上江两县志》、1908年《金陵杂志》定位,118.7657,32.029,
驴子市,依据《陆师学堂新测金陵省全图》，补充1874年《上江两县志》、1908年《金陵杂志》定位,118.7804,32.0251,
通天台,依据《陆师学堂新测金陵省全图》，补充1874年《上江两县志》、1908年《金陵杂志》定位,118.8544,32.0741,
走马巷,依据《陆师学堂新测金陵省全图》，补充1874年《上江两县志》、1908年《金陵杂志》定位,118.7754,32.0297,
建安侯墓,江宁区淳化镇刘家边村农田中，现位于江宁区科学园南京海事职业技术学院内,118.8999,31.9213,
晏驾桥,依据《陆师学堂新测金陵省全图》，补充1874年《上江两县志》、1908年《金陵杂志》定位,118.7899,32.0213,
管家巷,依据《陆师学堂新测金陵省全图》，补充1874年《上江两县志》、1908年《金陵杂志》定位,118.7863,32.0212,
运巷,汉西门附近,118.7621,32.0433,
巡道署,依据《陆师学堂新测金陵省全图》，补充1874年《上江两县志》、1908年《金陵杂志》定位,118.7854,32.0261,
落星岗,落星村（暂定）,118.9861,32.1597,
御史廊,依据《陆师学堂新测金陵省全图》，补充1874年《上江两县志》、1908年《金陵杂志》定位,118.8043,32.0555,
守备署,依据《陆师学堂新测金陵省全图》，补充1874年《上江两县志》、1908年《金陵杂志》定位,118.7889,32.0485,
犁头尖,依据《陆师学堂新测金陵省全图》，补充1874年《上江两县志》、1908年《金陵杂志》定位,118.7666,32.0315,
灯笼巷,秦淮区水西门内,118.7687,32.0301,
毛家苑,依据《陆师学堂新测金陵省全图》，补充1874年《上江两县志》、1908年《金陵杂志》定位,118.7671,32.0243,
堂子大街,依据《陆师学堂新测金陵省全图》，补充1874年《上江两县志》、1908年《金陵杂志》定位,118.7637,32.0406,
千章巷,依据《陆师学堂新测金陵省全图》，补充1874年《上江两县志》、1908年《金陵杂志》定位,118.7735,32.0297,
洋珠巷,依据《陆师学堂新测金陵省全图》，补充1874年《上江两县志》、1908年《金陵杂志》定位,118.7759,32.0248,
转龙巷,依据《陆师学堂新测金陵省全图》，补充1874年《上江两县志》、1908年《金陵杂志》定位,118.7864,32.0133,
大通桥,赛虹桥,118.7544 ,32.0149,
大树城,依据《陆师学堂新测金陵省全图》，补充1874年《上江两县志》、1908年《金陵杂志》定位,118.7889,32.0149,
宗老爷巷,依据《陆师学堂新测金陵省全图》，补充1874年《上江两县志》、1908年《金陵杂志》定位,118.7916,32.0491,
武胜坊,秦淮区南京市第一幼儿园一带,118.7882,32.0289,
闺奁营,依据《陆师学堂新测金陵省全图》，补充1874年《上江两县志》、1908年《金陵杂志》定位,118.7817,32.0331,
定湘王,依据《陆师学堂新测金陵省全图》，补充1874年《上江两县志》、1908年《金陵杂志》定位,118.7877,32.042,
王安石宅,玄武区清溪路附近的半山亭,118.8189,32.0481,
五马街,依据《陆师学堂新测金陵省全图》，补充1874年《上江两县志》、1908年《金陵杂志》定位,118.7924,32.0313,
富德巷,依据《陆师学堂新测金陵省全图》，补充1874年《上江两县志》、1908年《金陵杂志》定位,118.7739,32.0305,
大水巷,依据《陆师学堂新测金陵省全图》，补充1874年《上江两县志》、1908年《金陵杂志》定位,118.7659,32.031,
芝麻营,依据《陆师学堂新测金陵省全图》，补充1874年《上江两县志》、1908年《金陵杂志》定位,118.767,32.0359,
黑簪巷,依据《陆师学堂新测金陵省全图》，补充1874年《上江两县志》、1908年《金陵杂志》定位,118.7757,32.0242,
文思巷,秦淮区白下路南侧，建康路北侧,118.7912,32.0276,
小百花巷,秦淮区中华路璇子巷之西,118.7754,32.018,
厨子营,依据《陆师学堂新测金陵省全图》，补充1874年《上江两县志》、1908年《金陵杂志》定位,118.7791,32.0181,
黄状元巷,依据《陆师学堂新测金陵省全图》，补充1874年《上江两县志》、1908年《金陵杂志》定位,118.7793,32.0207,
大井巷,依据《陆师学堂新测金陵省全图》，补充1874年《上江两县志》、1908年《金陵杂志》定位,118.7784,32.0143,
北捕厅,依据《陆师学堂新测金陵省全图》，补充1874年《上江两县志》、1908年《金陵杂志》定位,118.7864,32.0462,
狗耳巷,依据《1930年代南京市实测新图》定位,118.762,32.0794,
四眼井,依据《陆师学堂新测金陵省全图》，补充1874年《上江两县志》、1908年《金陵杂志》定位,118.763,32.0437,
礼拜寺巷,南京市秦淮区朝天宫堂子街罗廊路,118.7635,32.0393,
左所巷,依据《陆师学堂新测金陵省全图》，补充1874年《上江两县志》、1908年《金陵杂志》定位,118.7695,32.0453,
荷花巷,依据《1930年代南京市实测新图》定位,118.7794,32.014,
三道高井,依据《陆师学堂新测金陵省全图》，补充1874年《上江两县志》、1908年《金陵杂志》定位,118.7755,32.0369,
青石桥,依据《陆师学堂新测金陵省全图》，补充1874年《上江两县志》、1908年《金陵杂志》定位,118.8242,32.043,
三铺两桥,依据《陆师学堂新测金陵省全图》，补充1874年《上江两县志》、1908年《金陵杂志》定位,118.7713,32.0192,
牌楼街,依据《陆师学堂新测金陵省全图》，补充1874年《上江两县志》、1908年《金陵杂志》定位,118.7646,32.0431,
古乐游苑,九华山南,118.8014,32.0623,
昭明太子陵,人物姓氏,118.9268,32.1373,
晏公庙,依据《陆师学堂新测金陵省全图》，补充1874年《上江两县志》、1908年《金陵杂志》定位,118.7367,32.0733,
一人巷,依据《陆师学堂新测金陵省全图》，补充1874年《上江两县志》、1908年《金陵杂志》定位,118.7823,32.0255,
大胶巷,依据《1930年代南京市实测新图》定位,118.7707,32.0259,
小府巷,依据《陆师学堂新测金陵省全图》，补充1874年《上江两县志》、1908年《金陵杂志》定位,118.7721,32.024,
兴隆巷,依据《陆师学堂新测金陵省全图》，补充1874年《上江两县志》、1908年《金陵杂志》定位,118.7873,32.0217,
王家巷,依据《1930年代南京市实测新图》定位,118.7873,32.038,
陈家牌坊,依据《1930年代南京市实测新图》定位,118.771,32.016,
宽征坊,秦淮区甘露阁一带,118.7737,32.0197,
廖家巷,依据《陆师学堂新测金陵省全图》，补充1874年《上江两县志》、1908年《金陵杂志》定位,118.7827,32.041,
润德里,依据《陆师学堂新测金陵省全图》，补充1874年《上江两县志》、1908年《金陵杂志》定位,118.7827,32.0266,
永清寺,依据《1930年代南京市实测新图》定位,118.7754,32.124,
白衣庵,东起中山南路，西到绒庄街,118.7771,32.0297,
乌刹桥,江宁区乌刹桥,118.8902,31.7716,
吴家巷,依据《陆师学堂新测金陵省全图》，补充1874年《上江两县志》、1908年《金陵杂志》定位,118.7556,32.0577,
察战巷,政治军事,118.7868,32.0397,
养虎仓,依据《1930年代南京市实测新图》定位,118.7854,32.0028,
张王庙,依据《1930年代南京市实测新图》定位,118.7737,32.1047,
方家巷,依据《陆师学堂新测金陵省全图》，补充1874年《上江两县志》、1908年《金陵杂志》定位,118.7808,32.0148,
小仙鹤街,依据《陆师学堂新测金陵省全图》，补充1874年《上江两县志》、1908年《金陵杂志》定位,118.7702,32.0212,
杨忠襄公墓,依据《陆师学堂新测金陵省全图》，补充1874年《上江两县志》、1908年《金陵杂志》定位,118.7781,32.0073,
孝顺里,依据《陆师学堂新测金陵省全图》，补充1874年《上江两县志》、1908年《金陵杂志》定位,118.771,32.0189,
九眼井,依据《陆师学堂新测金陵省全图》，补充1874年《上江两县志》、1908年《金陵杂志》定位,118.7852,32.0601,
柏家苑,依据《陆师学堂新测金陵省全图》，补充1874年《上江两县志》、1908年《金陵杂志》定位,118.7656,32.0203,
蔡家巷,依据《陆师学堂新测金陵省全图》，补充1874年《上江两县志》、1908年《金陵杂志》定位,118.7668,32.0853,
螺丝转湾,依据《陆师学堂新测金陵省全图》，补充1874年《上江两县志》、1908年《金陵杂志》定位,118.7736,32.0442,
五圣巷,依据《陆师学堂新测金陵省全图》，补充1874年《上江两县志》、1908年《金陵杂志》定位,118.7725,32.0105,
万年桥,依据《陆师学堂新测金陵省全图》，补充1874年《上江两县志》、1908年《金陵杂志》定位,118.7524,32.082,
净界寺,依据《陆师学堂新测金陵省全图》，补充1874年《上江两县志》、1908年《金陵杂志》定位,118.7607,32.0751,
西方寺,依据《陆师学堂新测金陵省全图》，补充1874年《上江两县志》、1908年《金陵杂志》定位,118.7964,32.0337,
二马路,依据《陆师学堂新测金陵省全图》，补充1874年《上江两县志》、1908年《金陵杂志》定位,118.7339,32.0971,
陶李王巷,依据《陆师学堂新测金陵省全图》，补充1874年《上江两县志》、1908年《金陵杂志》定位,118.7646,32.0421,
狮子巷,依据《陆师学堂新测金陵省全图》，补充1874年《上江两县志》、1908年《金陵杂志》定位,118.7897,32.0458,
火神庙,依据《陆师学堂新测金陵省全图》，补充1874年《上江两县志》、1908年《金陵杂志》定位,118.7909,32.0305,
西河沿,依据《1930年代南京市实测新图》定位,118.7736,32.0124,
救生总局,依据《陆师学堂新测金陵省全图》，补充1874年《上江两县志》、1908年《金陵杂志》定位,118.7375,32.1024,
响铃巷,依据《陆师学堂新测金陵省全图》，补充1874年《上江两县志》、1908年《金陵杂志》定位,118.776,32.0148,
过街楼,依据《1930年代南京市实测新图》定位,118.7765,32.0174,
蒋庙桥,依据《陆师学堂新测金陵省全图》，补充1874年《上江两县志》、1908年《金陵杂志》定位,118.7846,32.0532,
临秦寺,秦淮水北,118.7876,32.0231,
太平门车站,依据《1930年代南京市实测新图》定位,118.8099,32.086,
傅佐园,依据《1930年代南京市实测新图》定位,118.7673,32.068,
慈云庵,依据《陆师学堂新测金陵省全图》，补充1874年《上江两县志》、1908年《金陵杂志》定位,118.7445,32.0421,
一拂清忠祠,依据《陆师学堂新测金陵省全图》，补充1874年《上江两县志》、1908年《金陵杂志》定位,118.7567,32.0517,
听潮庵,依据《陆师学堂新测金陵省全图》，补充1874年《上江两县志》、1908年《金陵杂志》定位,118.7494,32.0662,
龙庵,依据《陆师学堂新测金陵省全图》，补充1874年《上江两县志》、1908年《金陵杂志》定位,118.7817,32.0764,
王府后,依据《1930年代南京市实测新图》定位,118.7808,32.0407,
南京宗人府,明故宫长安左门南经过司附马,118.8122,32.0296,
昭文书院,江宁湖熟镇,118.9799,31.862,
陈家山,依据《1930年代南京市实测新图》定位,118.7837,31.9956,
桃园巷,依据《陆师学堂新测金陵省全图》，补充1874年《上江两县志》、1908年《金陵杂志》定位,118.7734,32.0157,
五马亭,幕府山,118.7975,32.1296,
罗廊巷,依据《陆师学堂新测金陵省全图》，补充1874年《上江两县志》、1908年《金陵杂志》定位,118.7736,32.0417,
南京左军都督府,中府南,118.8095,32.0285,
和尚桥,依据《陆师学堂新测金陵省全图》，补充1874年《上江两县志》、1908年《金陵杂志》定位,118.8128,32.0849,
陈安德宫,建邺路以北，木料市西侧一带,118.7754,32.0331,
梅岗,雨花台风景名胜区内,118.7765,32.0052,
双石鼓路,依据《陆师学堂新测金陵省全图》，补充1874年《上江两县志》、1908年《金陵杂志》定位,118.7758,32.0432,
三圣观音庵,依据《陆师学堂新测金陵省全图》，补充1874年《上江两县志》、1908年《金陵杂志》定位,118.7457,32.0544,
汉西门外大街,依据《1930年代南京市实测新图》定位,118.7598,32.0449,
木牛亭,江宁区牧龙一带,118.8342,31.9555,
方公祠,依据《陆师学堂新测金陵省全图》，补充1874年《上江两县志》、1908年《金陵杂志》定位,118.8116,32.0417,
悦来巷,依据《陆师学堂新测金陵省全图》，补充1874年《上江两县志》、1908年《金陵杂志》定位,118.7754,32.011,
循相里,依据《1930年代南京市实测新图》定位,118.7735,32.0147,
大百花巷,秦淮区中华路璇子巷之西,118.7747,32.0183,
重译桥,乌衣巷旁朱雀桥,118.7791,32.0163,
怡和码头,依据《陆师学堂新测金陵省全图》，补充1874年《上江两县志》、1908年《金陵杂志》定位,118.7318,32.0994,
窑湾街,依据《1930年代南京市实测新图》定位,118.7714,32.0133,
固城镇,固城街道,118.9675,31.3117,
王家碑亭,依据《陆师学堂新测金陵省全图》，补充1874年《上江两县志》、1908年《金陵杂志》定位,118.7563,32.0346,
琵琶洲,依据《陆师学堂新测金陵省全图》，补充1874年《上江两县志》、1908年《金陵杂志》定位,118.8177,32.0572,
便民河,起于七乡河、讫于大道河口,119.1456,32.189,
江宁公学,依据《陆师学堂新测金陵省全图》，补充1874年《上江两县志》、1908年《金陵杂志》定位,118.7828,32.0224,
卓公祠,依据《陆师学堂新测金陵省全图》，补充1874年《上江两县志》、1908年《金陵杂志》定位,118.7766,32.0033,
基督医院,依据《陆师学堂新测金陵省全图》，补充1874年《上江两县志》、1908年《金陵杂志》定位,118.7797,32.0583,
白水桥,山川,118.9065,32.0606,
孤凄埂,依据《陆师学堂新测金陵省全图》，补充1874年《上江两县志》、1908年《金陵杂志》定位,118.8094,32.0637,
南京后军都督府,前府南,118.8094,32.0275,
小丹阳路,城市与建筑,118.835,31.9584,
白马桥,溧水区白马镇内,119.1672,31.5809,
江宁府中学堂,依据《陆师学堂新测金陵省全图》，补充1874年《上江两县志》、1908年《金陵杂志》定位,118.7894,32.0296,
随车乡,江宁县东山区,118.8015,31.9369,
盔头巷,依据《1930年代南京市实测新图》定位,118.7771,32.0493,
和记公司,依据《1930年代南京市实测新图》定位,118.7455,32.1108,
马端敏公祠,依据《陆师学堂新测金陵省全图》，补充1874年《上江两县志》、1908年《金陵杂志》定位,118.7586,32.05,
怡和公司,依据《1930年代南京市实测新图》定位,118.7334,32.0991,
彰教寺,愿景,118.9192,31.3978,
永昌亭,南京市东,118.836,32.0438,
汤泉馆,山川,119.0487 ,32.0569,
于家巷,依据《1930年代南京市实测新图》定位,118.7451,32.0933,
湖熟城,愿景,118.9799,31.862,
漆桥,高淳区漆桥镇漆桥,119.0066,31.4022,
高淳镇,高淳区,118.8866,31.3304,
分界山,方位与位置,119.1713,31.5821,
南昌路,依据《1930年代南京市实测新图》定位,118.7753,32.0833,
袁枚墓,依据《陆师学堂新测金陵省全图》，补充1874年《上江两县志》、1908年《金陵杂志》定位,118.7687,32.0529,
南轩书院,旧在大报恩寺遗址附近，后移至明道书院西南,118.7885,32.0323,
葵巷,依据《陆师学堂新测金陵省全图》，补充1874年《上江两县志》、1908年《金陵杂志》定位,118.7732,32.0601,
蓝家庄,依据《陆师学堂新测金陵省全图》，补充1874年《上江两县志》、1908年《金陵杂志》定位,118.796,32.0587,
米行街,依据《1930年代南京市实测新图》定位,118.7987,32.0253,
南京通政使,中府后，经过司附,118.8068,32.0289,
张公馆,依据《陆师学堂新测金陵省全图》，补充1874年《上江两县志》、1908年《金陵杂志》定位,118.7731,32.0369,
主簿巷,中华门东北,118.7791,32.018,
花林市,其他,118.9053,32.0992,
湖头路,方位与位置,118.8087,32.0642,
不受暑亭,史实传说与作品,118.7544,32.0518,
北安桥,依据《陆师学堂新测金陵省全图》，补充1874年《上江两县志》、1908年《金陵杂志》定位,118.812,32.0525,
栖霞市,栖霞区,118.9039,32.0981,
商业学堂,依据《陆师学堂新测金陵省全图》，补充1874年《上江两县志》、1908年《金陵杂志》定位,118.7948,32.0358,
七家村,依据《陆师学堂新测金陵省全图》，补充1874年《上江两县志》、1908年《金陵杂志》定位,118.7694,32.0165,
蟠龙山,依据《陆师学堂新测金陵省全图》，补充1874年《上江两县志》、1908年《金陵杂志》定位,118.8065,32.1016,
普济禅师庙,鸡鸣寺,118.7897,32.0628,
令桥,江宁区令桥,118.8695,31.7807,
高冈里,秦淮区老门西一带,118.7699,32.0162,
水左营,依据《陆师学堂新测金陵省全图》，补充1874年《上江两县志》、1908年《金陵杂志》定位,118.7862,32.0164,
太平苑,依据《陆师学堂新测金陵省全图》，补充1874年《上江两县志》、1908年《金陵杂志》定位,118.7706,32.0239,
小隍城巷,依据《1930年代南京市实测新图》定位,118.7909,32.0433,
五马桥,依据《陆师学堂新测金陵省全图》，补充1874年《上江两县志》、1908年《金陵杂志》定位,118.8009,32.0319,
七贤坊,南京凤凰台遗址旁,118.768,32.0172,
陶家巷,依据《陆师学堂新测金陵省全图》，补充1874年《上江两县志》、1908年《金陵杂志》定位,118.7837,32.0143,
竹筱港,燕子矶附近,118.8155,32.139,
龙王井,依据《陆师学堂新测金陵省全图》，补充1874年《上江两县志》、1908年《金陵杂志》定位,118.7657,32.0241,
太平门大街,依据《1930年代南京市实测新图》定位,118.8063,32.0579,
